rgvX,rgvY,Time
22.966495513916016,35.42938995361328,Search,138.356,Primary
22.617063522338867,35.39990234375,Search,138.565,Primary
22.366830825805664,35.398555755615234,Search,138.785,Primary
22.50779914855957,34.71158218383789,Search,138.97,Primary
22.5201473236084,33.542354583740234,Search,139.174,Primary
22.557315826416016,32.5641975402832,Search,139.353,Primary
24.01283836364746,29.680057525634766,Trail,145.66,Primary
24.771575927734375,29.5369873046875,Search,145.859,Primary
24.900083541870117,29.744548797607422,Search,146.078,Primary
24.168107986450195,29.62444305419922,Search,146.277,Primary
24.394763946533203,29.281360626220703,Search,146.446,Primary
23.880035400390625,29.490446090698242,Search,146.645,Primary
23.559017181396484,29.937152862548828,Trail,146.873,Primary
23.666040420532227,30.00482177734375,Trail,147.088,Primary
23.673410415649414,29.641977310180664,Coarse,147.289,Primary
23.615924835205078,29.24816131591797,Coarse,147.503,Primary
23.76519203186035,28.8505859375,Coarse,147.71,Primary
23.525733947753906,28.45785140991211,Coarse,147.922,Primary
23.635698318481445,28.452486038208008,Coarse,148.154,Primary
23.228837966918945,28.917476654052734,Coarse,148.325,Secondary
23.309547424316406,28.962581634521484,Coarse,148.374,Primary
22.67622184753418,29.578645706176758,Coarse,148.534,Secondary
23.12897491455078,29.63382339477539,Coarse,148.585,Primary
22.74802017211914,29.577035903930664,Coarse,148.757,Secondary
22.793272018432617,29.608722686767578,Coarse,148.788,Primary
22.751733779907227,29.45289421081543,Coarse,148.962,Secondary
22.82242774963379,29.500226974487305,Coarse,149.002,Primary
22.924488067626953,29.3288516998291,Coarse,149.143,Secondary
23.003467559814453,29.38100814819336,Coarse,149.197,Primary
22.99790382385254,29.053489685058594,Coarse,149.358,Secondary
23.0648136138916,29.102142333984375,Coarse,149.411,Primary
23.201326370239258,29.076082229614258,Coarse,149.578,Secondary
23.27406120300293,29.1383113861084,Coarse,149.617,Primary
23.025249481201172,28.817659378051758,Coarse,149.774,Secondary
23.449926376342773,29.010398864746094,Coarse,149.829,Primary
23.130842208862305,28.80205726623535,Coarse,150.009,Secondary
23.140966415405273,28.808094024658203,Coarse,150.055,Primary
23.268247604370117,28.855472564697266,Coarse,150.208,Secondary
23.293123245239258,28.89557456970215,Coarse,150.25,Primary
23.32364845275879,29.12847328186035,Coarse,150.45,Secondary
23.346141815185547,29.137386322021484,Coarse,150.456,Primary
23.237178802490234,29.433650970458984,Coarse,150.674,Secondary
23.26744842529297,29.463634490966797,Coarse,150.697,Primary
23.14177703857422,29.810489654541016,Coarse,150.88,Secondary
23.14777183532715,29.874666213989258,Coarse,150.907,Primary
22.65375518798828,29.935165405273438,Coarse,151.057,Secondary
22.70819664001465,30.1777286529541,Coarse,151.105,Primary
22.474605560302734,30.221683502197266,Coarse,151.273,Secondary
22.472137451171875,30.317474365234375,Coarse,151.309,Primary
22.174243927001953,30.621013641357422,Coarse,151.477,Secondary
22.16488265991211,30.68459701538086,Coarse,151.526,Primary
21.87262535095215,30.637451171875,Coarse,151.693,Secondary
21.842809677124023,30.766925811767578,Coarse,151.717,Primary
21.810556411743164,30.74159049987793,Coarse,151.913,Secondary
21.81632423400879,30.7689151763916,Coarse,151.94,Primary
21.33819580078125,30.680206298828125,Coarse,152.118,Secondary
21.328184127807617,30.71117401123047,Coarse,152.148,Primary
21.441938400268555,30.77505874633789,Coarse,152.336,Secondary
21.417238235473633,30.861757278442383,Coarse,152.363,Primary
21.48487663269043,30.822757720947266,Coarse,152.532,Secondary
21.198993682861328,30.557558059692383,Coarse,152.565,Primary
21.5126953125,30.569250106811523,Coarse,152.732,Secondary
21.47879981994629,30.66911506652832,Coarse,152.768,Primary
21.71121597290039,30.232494354248047,Coarse,152.946,Secondary
21.704347610473633,30.310049057006836,Coarse,152.987,Primary
21.96146583557129,30.09658432006836,Coarse,153.137,Secondary
21.95780372619629,30.17145347595215,Coarse,153.188,Primary
22.217899322509766,29.8903865814209,Coarse,153.349,Secondary
22.20490264892578,29.973405838012695,Coarse,153.391,Primary
22.28825569152832,29.858112335205078,Coarse,153.575,Secondary
22.271984100341797,29.927873611450195,Coarse,153.615,Primary
22.552602767944336,29.77825355529785,Coarse,153.798,Secondary
22.463411331176758,29.858308792114258,Coarse,153.841,Primary
22.61928367614746,29.75121307373047,Coarse,154.005,Secondary
22.58909034729004,29.852489471435547,Coarse,154.053,Primary
22.80967140197754,29.6905460357666,Coarse,154.209,Secondary
22.793001174926758,29.75440216064453,Coarse,154.261,Primary
22.99835968017578,29.699817657470703,Coarse,154.418,Secondary
22.978328704833984,29.75202751159668,Coarse,154.467,Primary
23.14214324951172,29.767419815063477,Coarse,154.622,Secondary
23.125024795532227,29.83123207092285,Coarse,154.681,Primary
23.34881019592285,29.834745407104492,Coarse,154.835,Secondary
23.333023071289062,29.887033462524414,Coarse,154.895,Primary
23.263151168823242,29.798686981201172,Coarse,155.087,Secondary
23.239789962768555,29.881410598754883,Coarse,155.132,Primary
23.3708553314209,29.683073043823242,Coarse,155.286,Secondary
23.271692276000977,29.93474769592285,Coarse,155.362,Primary
23.214990615844727,29.745874404907227,Coarse,155.519,Secondary
23.20803451538086,29.762826919555664,Coarse,155.55,Primary
23.07794761657715,29.708293914794922,Coarse,155.734,Secondary
23.04990005493164,29.759626388549805,Coarse,155.761,Primary
22.95184326171875,29.793367385864258,Coarse,155.948,Secondary
22.925649642944336,29.84272003173828,Coarse,155.97,Primary
22.747474670410156,29.647014617919922,Coarse,156.121,Secondary
22.704648971557617,29.706449508666992,Coarse,156.172,Primary
22.725059509277344,29.718652725219727,Coarse,156.345,Secondary
22.710460662841797,29.732677459716797,Coarse,156.381,Primary
22.565956115722656,29.616291046142578,Coarse,156.57,Secondary
22.52404022216797,29.662172317504883,Coarse,156.63,Primary
22.547170639038086,29.67725372314453,Coarse,156.822,Secondary
22.510570526123047,29.726709365844727,Coarse,156.85,Primary
22.443708419799805,29.61154556274414,Coarse,157.002,Secondary
22.4175968170166,29.632062911987305,Coarse,157.044,Primary
22.429948806762695,29.56569480895996,Coarse,157.176,Secondary
22.382770538330078,29.585622787475586,Coarse,157.214,Primary
22.35725975036621,29.61589241027832,Coarse,157.38,Secondary
22.323955535888672,29.643281936645508,Coarse,157.434,Primary
22.30767059326172,29.51757049560547,Coarse,157.613,Secondary
22.240520477294922,29.555147171020508,Coarse,157.636,Primary
22.37674903869629,29.52541160583496,Coarse,157.801,Secondary
22.335731506347656,29.603689193725586,Coarse,157.844,Primary
22.306549072265625,29.489171981811523,Coarse,158.029,Secondary
22.264129638671875,29.5118465423584,Coarse,158.057,Primary
22.37818145751953,29.460208892822266,Coarse,158.25,Secondary
22.312990188598633,29.480581283569336,Coarse,158.262,Primary
22.50528335571289,29.543155670166016,Coarse,158.417,Secondary
22.449241638183594,29.571945190429688,Coarse,158.461,Primary
22.51599884033203,29.420541763305664,Coarse,158.634,Secondary
22.457897186279297,29.4340877532959,Coarse,158.686,Primary
22.61902618408203,29.53570556640625,Coarse,158.833,Secondary
22.54559326171875,29.559310913085938,Coarse,158.867,Primary
22.54244041442871,29.53318977355957,Coarse,159.029,Secondary
22.56746482849121,29.317861557006836,Coarse,159.072,Primary
22.51066017150879,29.421823501586914,Coarse,159.248,Secondary
22.4193172454834,29.442737579345703,Coarse,159.282,Primary
22.5888614654541,29.50043487548828,Coarse,159.45,Secondary
22.516782760620117,29.523174285888672,Coarse,159.489,Primary
22.56676483154297,29.375951766967773,Coarse,159.645,Secondary
22.493200302124023,29.38364028930664,Coarse,159.687,Primary
22.681100845336914,29.511117935180664,Coarse,159.846,Secondary
22.61478042602539,29.521907806396484,Coarse,159.874,Primary
22.658021926879883,29.54376792907715,Coarse,160.054,Secondary
22.62297248840332,29.42875099182129,Coarse,160.084,Primary
22.65952491760254,29.489360809326172,Coarse,160.257,Secondary
22.615846633911133,29.536827087402344,Coarse,160.317,Primary
22.6653995513916,29.561145782470703,Coarse,160.462,Secondary
22.575403213500977,29.566530227661133,Coarse,160.516,Primary
22.653982162475586,29.417980194091797,Coarse,160.681,Secondary
22.600448608398438,29.417314529418945,Coarse,160.718,Primary
22.646778106689453,29.48007583618164,Coarse,160.875,Secondary
22.578956604003906,29.479726791381836,Coarse,160.923,Primary
22.68065071105957,29.470308303833008,Coarse,161.057,Secondary
22.598337173461914,29.38646125793457,Coarse,161.114,Primary
22.704248428344727,29.438772201538086,Coarse,161.306,Secondary
22.54939079284668,29.496870040893555,Coarse,161.331,Primary
22.679048538208008,29.485515594482422,Coarse,161.493,Secondary
22.583526611328125,29.460046768188477,Coarse,161.535,Primary
22.70524024963379,29.454713821411133,Coarse,161.718,Secondary
22.643001556396484,29.447465896606445,Coarse,161.768,Primary
22.651599884033203,29.501020431518555,Coarse,161.947,Secondary
22.556703567504883,29.482206344604492,Coarse,161.99,Primary
22.7152042388916,29.485681533813477,Coarse,162.166,Secondary
22.630661010742188,29.4434871673584,Coarse,162.205,Primary
22.595129013061523,29.528831481933594,Coarse,162.38,Secondary
22.54386329650879,29.517704010009766,Coarse,162.432,Primary
22.73488426208496,29.413923263549805,Coarse,162.585,Secondary
22.678316116333008,29.38245964050293,Coarse,162.624,Primary
22.648088455200195,29.483291625976562,Coarse,162.817,Secondary
22.581714630126953,29.45279312133789,Coarse,162.853,Primary
22.767484664916992,29.366920471191406,Coarse,163.077,Secondary
22.71625518798828,29.333986282348633,Coarse,163.094,Primary
22.7804012298584,29.3925724029541,Coarse,163.291,Secondary
22.651203155517578,29.37665367126465,Coarse,163.317,Primary
22.756532669067383,29.36719512939453,Coarse,163.498,Secondary
22.705331802368164,29.326114654541016,Coarse,163.536,Primary
22.843204498291016,29.340517044067383,Coarse,163.705,Secondary
22.791013717651367,29.308435440063477,Coarse,163.744,Primary
22.765777587890625,29.374893188476562,Coarse,163.918,Secondary
22.741439819335938,29.362014770507812,Coarse,163.963,Primary
22.928081512451172,29.291542053222656,Coarse,164.124,Secondary
22.9007625579834,29.27558708190918,Coarse,164.18,Primary
22.826831817626953,29.3830623626709,Coarse,164.327,Secondary
22.804506301879883,29.35369110107422,Coarse,164.379,Primary
22.85892677307129,29.338544845581055,Coarse,164.517,Secondary
22.830711364746094,29.293710708618164,Coarse,164.554,Primary
22.925647735595703,29.345470428466797,Coarse,164.722,Secondary
22.881906509399414,29.286209106445312,Coarse,164.76,Primary
22.846914291381836,29.465185165405273,Coarse,164.954,Secondary
22.82072639465332,29.430870056152344,Coarse,164.969,Primary
22.924423217773438,29.451940536499023,Coarse,165.158,Secondary
22.899654388427734,29.402578353881836,Coarse,165.196,Primary
22.813405990600586,29.53406524658203,Coarse,165.322,Secondary
22.78215980529785,29.49383544921875,Coarse,165.359,Primary
22.86375617980957,29.52737045288086,Coarse,165.55,Secondary
22.894407272338867,29.442398071289062,Coarse,165.591,Primary
22.88034439086914,29.528217315673828,Coarse,165.733,Secondary
22.84429168701172,29.467914581298828,Coarse,165.763,Primary
22.831144332885742,29.539724349975586,Coarse,165.925,Secondary
22.81166648864746,29.496585845947266,Coarse,165.959,Primary
22.925722122192383,29.506362915039062,Coarse,166.148,Secondary
22.90072250366211,29.45736312866211,Coarse,166.194,Primary
22.817005157470703,29.54134750366211,Coarse,166.343,Secondary
22.805452346801758,29.47853660583496,Coarse,166.375,Primary
22.89697265625,29.548398971557617,Coarse,166.562,Secondary
22.935001373291016,29.46839714050293,Coarse,166.587,Primary
22.918777465820312,29.51385498046875,Coarse,166.764,Secondary
22.899106979370117,29.467151641845703,Coarse,166.802,Primary
22.886463165283203,29.523536682128906,Coarse,166.997,Secondary
22.87679100036621,29.484844207763672,Coarse,167.035,Primary
22.950416564941406,29.540525436401367,Coarse,167.191,Secondary
22.94670867919922,29.451135635375977,Coarse,167.247,Primary
22.895536422729492,29.525365829467773,Coarse,167.429,Secondary
22.892492294311523,29.431312561035156,Coarse,167.455,Primary
23.051809310913086,29.533472061157227,Coarse,167.631,Secondary
23.057783126831055,29.46482276916504,Coarse,167.647,Primary
22.962453842163086,29.477066040039062,Coarse,167.874,Secondary
22.962188720703125,29.43077278137207,Coarse,167.876,Primary
23.100168228149414,29.531967163085938,Coarse,168.075,Secondary
23.113845825195312,29.46135902404785,Coarse,168.09,Primary
23.067171096801758,29.518678665161133,Coarse,168.274,Secondary
23.025901794433594,29.44046401977539,Coarse,168.316,Primary
23.02458953857422,29.516551971435547,Coarse,168.479,Secondary
23.042879104614258,29.455211639404297,Coarse,168.519,Primary
23.077266693115234,29.573871612548828,Coarse,168.679,Secondary
23.11087989807129,29.4893798828125,Coarse,168.728,Primary
23.001989364624023,29.531387329101562,Coarse,168.892,Secondary
23.0355281829834,29.454349517822266,Coarse,168.929,Primary
23.139759063720703,29.596237182617188,Coarse,169.101,Secondary
23.16739273071289,29.502187728881836,Coarse,169.124,Primary
23.030445098876953,29.572010040283203,Coarse,169.312,Secondary
23.046768188476562,29.508464813232422,Coarse,169.355,Primary
23.071704864501953,29.585111618041992,Coarse,169.532,Secondary
23.152433395385742,29.542455673217773,Coarse,169.562,Primary
23.119915008544922,29.617841720581055,Coarse,169.711,Secondary
23.137292861938477,29.56416130065918,Coarse,169.758,Primary
23.021135330200195,29.595930099487305,Coarse,169.92,Secondary
23.05967140197754,29.526506423950195,Coarse,169.953,Primary
23.084192276000977,29.668088912963867,Coarse,170.148,Secondary
23.120615005493164,29.617778778076172,Coarse,170.179,Primary
22.981698989868164,29.604833602905273,Coarse,170.343,Secondary
22.99591636657715,29.571269989013672,Coarse,170.383,Primary
23.069528579711914,29.709043502807617,Coarse,170.578,Secondary
23.105192184448242,29.658220291137695,Coarse,170.634,Primary
23.032485961914062,29.666460037231445,Coarse,170.809,Secondary
23.0228271484375,29.60269546508789,Coarse,170.836,Primary
23.023639678955078,29.661771774291992,Coarse,170.99,Secondary
23.061077117919922,29.614442825317383,Coarse,171.037,Primary
23.066858291625977,29.727584838867188,Coarse,171.204,Secondary
23.113508224487305,29.6849308013916,Coarse,171.245,Primary
22.988489151000977,29.65367317199707,Coarse,171.409,Secondary
23.026878356933594,29.612781524658203,Coarse,171.447,Primary
23.045026779174805,29.758588790893555,Coarse,171.611,Secondary
23.087390899658203,29.72612190246582,Coarse,171.652,Primary
22.97442626953125,29.67856216430664,Coarse,171.849,Secondary
23.01404571533203,29.652271270751953,Coarse,171.877,Primary
23.00598907470703,29.734148025512695,Coarse,172.011,Secondary
23.056665420532227,29.690448760986328,Coarse,172.056,Primary
23.023717880249023,29.77785873413086,Coarse,172.194,Secondary
23.067689895629883,29.747831344604492,Coarse,172.232,Primary
22.973665237426758,29.691301345825195,Coarse,172.393,Secondary
23.01826286315918,29.66846466064453,Coarse,172.453,Primary
23.014127731323242,29.814088821411133,Coarse,172.629,Secondary
23.05816650390625,29.785654067993164,Coarse,172.657,Primary
22.980356216430664,29.715417861938477,Coarse,172.818,Secondary
23.040502548217773,29.67911720275879,Coarse,172.873,Primary
23.009660720825195,29.780065536499023,Coarse,173.024,Secondary
23.05341148376465,29.750377655029297,Coarse,173.059,Primary
23.01898193359375,29.83352279663086,Coarse,173.214,Secondary
23.054244995117188,29.824155807495117,Coarse,173.258,Primary
23.000829696655273,29.75994110107422,Coarse,173.426,Secondary
23.05194091796875,29.740259170532227,Coarse,173.491,Primary
22.99927520751953,29.86541748046875,Coarse,173.626,Secondary
23.05872917175293,29.846071243286133,Coarse,173.67,Primary
22.98723602294922,29.757965087890625,Coarse,173.84,Secondary
23.039852142333984,29.747243881225586,Coarse,173.861,Primary
22.991235733032227,29.828907012939453,Coarse,174.029,Secondary
23.038143157958984,29.8897705078125,Coarse,174.072,Primary
22.978713989257812,29.873519897460938,Coarse,174.249,Secondary
23.0510311126709,29.85327911376953,Coarse,174.276,Primary
22.98642349243164,29.81787872314453,Coarse,174.451,Secondary
23.039262771606445,29.799509048461914,Coarse,174.48,Primary
22.964052200317383,29.93648338317871,Coarse,174.608,Secondary
23.025371551513672,29.934410095214844,Coarse,174.684,Primary
22.99159812927246,29.84549331665039,Coarse,174.849,Secondary
23.0759334564209,29.842531204223633,Coarse,174.902,Primary
22.96964454650879,29.989933013916016,Coarse,175.073,Secondary
23.040699005126953,30.003273010253906,Coarse,175.126,Primary
22.98139762878418,29.941495895385742,Coarse,175.291,Secondary
23.01800537109375,29.884578704833984,Coarse,175.338,Primary
22.972265243530273,29.908716201782227,Coarse,175.512,Secondary
23.042322158813477,29.908681869506836,Coarse,175.562,Primary
22.935489654541016,29.983564376831055,Coarse,175.726,Secondary
23.025848388671875,29.994203567504883,Coarse,175.781,Primary
22.95177459716797,29.901615142822266,Coarse,175.96,Secondary
23.040111541748047,29.92070198059082,Coarse,176.006,Primary
22.90765380859375,30.024023056030273,Coarse,176.158,Secondary
22.939926147460938,30.022607803344727,Coarse,176.21,Primary
22.9284610748291,29.921123504638672,Coarse,176.382,Secondary
22.973411560058594,29.925159454345703,Coarse,176.44,Primary
22.85210418701172,30.00594139099121,Coarse,176.606,Secondary
22.918851852416992,30.03692054748535,Coarse,176.65,Primary
22.860836029052734,29.87587547302246,Coarse,176.827,Secondary
22.904024124145508,29.895715713500977,Coarse,176.862,Primary
22.864553451538086,29.894315719604492,Coarse,177.025,Secondary
22.865568161010742,29.989334106445312,Coarse,177.068,Primary
22.84484100341797,29.94186019897461,Coarse,177.264,Secondary
22.916522979736328,29.97856330871582,Coarse,177.296,Primary
22.8713436126709,29.911226272583008,Coarse,177.462,Secondary
22.9371337890625,29.92426300048828,Coarse,177.51,Primary
22.801607131958008,29.981792449951172,Coarse,177.711,Secondary
22.85999870300293,30.019805908203125,Coarse,177.731,Primary
22.86326026916504,29.913084030151367,Coarse,177.912,Secondary
22.907094955444336,29.935590744018555,Coarse,177.937,Primary
22.760976791381836,29.997941970825195,Coarse,178.1,Secondary
22.813772201538086,30.046741485595703,Coarse,178.148,Primary
22.827085494995117,29.925905227661133,Coarse,178.329,Secondary
22.86056900024414,29.96137046813965,Coarse,178.387,Primary
22.789478302001953,29.967792510986328,Coarse,178.555,Secondary
22.76913833618164,30.031108856201172,Coarse,178.593,Primary
22.768646240234375,29.978382110595703,Coarse,178.754,Secondary
22.800960540771484,30.01128387451172,Coarse,178.789,Primary
22.794130325317383,29.908658981323242,Coarse,178.979,Secondary
22.824960708618164,29.937803268432617,Coarse,179.024,Primary
22.704036712646484,29.961515426635742,Coarse,179.183,Secondary
22.744115829467773,30.003599166870117,Coarse,179.231,Primary
22.789321899414062,29.961687088012695,Coarse,179.397,Secondary
22.81838607788086,29.98882484436035,Coarse,179.45,Primary
22.66214370727539,30.016260147094727,Coarse,179.66,Secondary
22.69135284423828,30.050981521606445,Coarse,179.682,Primary
22.756759643554688,29.952436447143555,Coarse,179.844,Secondary
22.782163619995117,30.00857162475586,Coarse,179.877,Primary
22.690093994140625,29.975759506225586,Coarse,180.025,Secondary
22.650726318359375,30.007789611816406,Coarse,180.07,Primary
22.647855758666992,29.968542098999023,Coarse,180.229,Secondary
22.686420440673828,30.048948287963867,Coarse,180.299,Primary
22.720224380493164,29.91914939880371,Coarse,180.448,Secondary
22.75324058532715,29.9936466217041,Coarse,180.496,Primary
22.632041931152344,29.937986373901367,Coarse,180.654,Secondary
22.66141128540039,30.00594711303711,Coarse,180.71,Primary
22.70676612854004,29.929988861083984,Coarse,180.911,Secondary
22.720548629760742,29.972753524780273,Coarse,180.943,Primary
22.571508407592773,29.95770835876465,Coarse,181.12,Secondary
22.58709716796875,30.034454345703125,Coarse,181.159,Primary
22.682138442993164,29.937969207763672,Coarse,181.351,Secondary
22.70238494873047,30.005521774291992,Coarse,181.362,Primary
22.623533248901367,29.929920196533203,Coarse,181.538,Secondary
22.527231216430664,29.99943733215332,Coarse,181.584,Primary
22.555879592895508,29.961679458618164,Coarse,181.754,Secondary
22.562246322631836,30.01103973388672,Coarse,181.792,Primary
22.6004638671875,29.954713821411133,Coarse,181.97,Secondary
22.610565185546875,30.050596237182617,Coarse,182.019,Primary
22.500778198242188,29.927841186523438,Coarse,182.174,Secondary
22.50823211669922,29.991321563720703,Coarse,182.215,Primary
22.60977554321289,29.907958984375,Coarse,182.386,Secondary
22.62078094482422,30.0068416595459,Coarse,182.407,Primary
22.56117820739746,29.899206161499023,Coarse,182.557,Secondary
22.486385345458984,29.952880859375,Coarse,182.604,Primary
22.529939651489258,29.893457412719727,Coarse,182.785,Secondary
22.561738967895508,29.953311920166016,Coarse,182.819,Primary
22.573474884033203,29.887346267700195,Coarse,182.977,Secondary
22.5599308013916,29.965438842773438,Coarse,183.019,Primary
22.48044776916504,29.871171951293945,Coarse,183.193,Secondary
22.468860626220703,29.951732635498047,Coarse,183.255,Primary
22.5737247467041,29.8775691986084,Coarse,183.391,Secondary
22.56268310546875,29.963226318359375,Coarse,183.451,Primary
22.452186584472656,29.8385066986084,Coarse,183.643,Secondary
22.438695907592773,29.878610610961914,Coarse,183.683,Primary
22.55512809753418,29.835289001464844,Coarse,183.834,Secondary
22.522550582885742,29.9390811920166,Coarse,183.865,Primary
22.495746612548828,29.835195541381836,Coarse,184.026,Secondary
22.483610153198242,29.895431518554688,Coarse,184.062,Primary
22.483755111694336,29.802385330200195,Coarse,184.23,Secondary
22.44401741027832,29.913022994995117,Coarse,184.279,Primary
22.567522048950195,29.806425094604492,Coarse,184.442,Secondary
22.559925079345703,29.86110496520996,Coarse,184.483,Primary
22.509876251220703,29.754621505737305,Coarse,184.641,Secondary
22.494997024536133,29.806129455566406,Coarse,184.686,Primary
22.590166091918945,29.80859375,Coarse,184.857,Secondary
22.56053352355957,29.853151321411133,Coarse,184.879,Primary
22.536848068237305,29.761980056762695,Coarse,185.045,Secondary
22.47930908203125,29.850215911865234,Coarse,185.065,Primary
22.474634170532227,29.7321834564209,Coarse,185.236,Secondary
22.455936431884766,29.782175064086914,Coarse,185.279,Primary
22.52342414855957,29.758365631103516,Coarse,185.483,Secondary
22.48639678955078,29.823923110961914,Coarse,185.506,Primary
22.48436164855957,29.6845760345459,Coarse,185.697,Secondary
22.448413848876953,29.75396728515625,Coarse,185.726,Primary
22.557621002197266,29.765974044799805,Coarse,185.92,Secondary
22.52061653137207,29.815519332885742,Coarse,185.955,Primary
22.46802520751953,29.65321922302246,Coarse,186.127,Secondary
22.420564651489258,29.693937301635742,Coarse,186.161,Primary
22.529983520507812,29.72100830078125,Coarse,186.334,Secondary
22.496126174926758,29.768571853637695,Coarse,186.39,Primary
22.46091079711914,29.609474182128906,Coarse,186.573,Secondary
22.413808822631836,29.663278579711914,Coarse,186.597,Primary
22.48356056213379,29.64595603942871,Coarse,186.756,Secondary
22.464784622192383,29.672147750854492,Coarse,186.806,Primary
22.51756477355957,29.668052673339844,Coarse,186.962,Secondary
22.482263565063477,29.691038131713867,Coarse,186.996,Primary
22.491657257080078,29.59150505065918,Coarse,187.181,Secondary
22.42972755432129,29.622976303100586,Coarse,187.22,Primary
22.504514694213867,29.66593360900879,Coarse,187.38,Secondary
22.46149253845215,29.706558227539062,Coarse,187.426,Primary
22.462047576904297,29.522624969482422,Coarse,187.588,Secondary
22.417104721069336,29.55083656311035,Coarse,187.62,Primary
22.480140686035156,29.575780868530273,Coarse,187.791,Secondary
22.4537353515625,29.63677978515625,Coarse,187.855,Primary
22.493661880493164,29.581884384155273,Coarse,187.98,Secondary
22.43683624267578,29.62209701538086,Coarse,188.028,Primary
22.491594314575195,29.5128231048584,Coarse,188.192,Secondary
22.446514129638672,29.525854110717773,Coarse,188.215,Primary
22.519468307495117,29.60445785522461,Coarse,188.349,Secondary
22.472564697265625,29.6405029296875,Coarse,188.368,Primary
22.503782272338867,29.528919219970703,Coarse,188.529,Secondary
22.403926849365234,29.47826385498047,Coarse,188.575,Primary
22.471614837646484,29.469100952148438,Coarse,188.727,Secondary
22.401723861694336,29.497005462646484,Coarse,188.769,Primary
22.556665420532227,29.5515079498291,Coarse,188.946,Secondary
22.489519119262695,29.574748992919922,Coarse,188.967,Primary
22.558395385742188,29.449066162109375,Coarse,189.123,Secondary
22.489545822143555,29.462583541870117,Coarse,189.162,Primary
22.550884246826172,29.51115608215332,Coarse,189.313,Secondary
22.500869750976562,29.55179214477539,Coarse,189.344,Primary
22.54043197631836,29.494998931884766,Coarse,189.527,Secondary
22.494285583496094,29.514413833618164,Coarse,189.544,Primary
22.55455207824707,29.42987060546875,Coarse,189.743,Secondary
22.466737747192383,29.43937110900879,Coarse,189.775,Primary
22.570968627929688,29.535730361938477,Coarse,189.96,Secondary
22.49030303955078,29.540037155151367,Coarse,189.992,Primary
22.601734161376953,29.418243408203125,Coarse,190.161,Secondary
22.55240249633789,29.415769577026367,Coarse,190.219,Primary
22.59847068786621,29.52425193786621,Coarse,190.395,Secondary
22.525564193725586,29.525829315185547,Coarse,190.437,Primary
22.634946823120117,29.39567756652832,Coarse,190.596,Secondary
22.565773010253906,29.384765625,Coarse,190.645,Primary
22.632923126220703,29.467174530029297,Coarse,190.811,Secondary
22.58441734313965,29.5084285736084,Coarse,190.857,Primary
22.67131996154785,29.430986404418945,Coarse,191.076,Secondary
22.60167121887207,29.4158935546875,Coarse,191.082,Primary
22.67127799987793,29.45498275756836,Coarse,191.24,Secondary
22.593629837036133,29.43514060974121,Coarse,191.296,Primary
22.625856399536133,29.485727310180664,Coarse,191.477,Secondary
22.56737518310547,29.47023582458496,Coarse,191.503,Primary
22.712900161743164,29.366134643554688,Coarse,191.665,Secondary
22.62949562072754,29.345502853393555,Coarse,191.715,Primary
22.640766143798828,29.450517654418945,Coarse,191.887,Secondary
22.559492111206055,29.42476463317871,Coarse,191.955,Primary
22.719327926635742,29.337139129638672,Coarse,192.097,Secondary
22.66936683654785,29.30681800842285,Coarse,192.146,Primary
22.708803176879883,29.398588180541992,Coarse,192.312,Secondary
22.622190475463867,29.43576431274414,Coarse,192.362,Primary
22.720870971679688,29.429180145263672,Coarse,192.526,Secondary
22.704421997070312,29.342090606689453,Coarse,192.584,Primary
22.753812789916992,29.39422607421875,Coarse,192.799,Secondary
22.68853187561035,29.35604476928711,Coarse,192.813,Primary
22.720584869384766,29.428115844726562,Coarse,192.98,Secondary
22.664674758911133,29.394981384277344,Coarse,193.018,Primary
22.810190200805664,29.37841033935547,Coarse,193.19,Secondary
22.776517868041992,29.347524642944336,Coarse,193.203,Primary
22.730186462402344,29.431264877319336,Coarse,193.382,Secondary
22.709609985351562,29.414722442626953,Coarse,193.417,Primary
22.837432861328125,29.35394287109375,Coarse,193.574,Secondary
22.804424285888672,29.333232879638672,Coarse,193.614,Primary
22.812578201293945,29.40159034729004,Coarse,193.786,Secondary
22.74190330505371,29.41180992126465,Coarse,193.819,Primary
22.788043975830078,29.423646926879883,Coarse,193.992,Secondary
22.758508682250977,29.404024124145508,Coarse,194.038,Primary
22.857139587402344,29.39067268371582,Coarse,194.205,Secondary
22.82859992980957,29.373050689697266,Coarse,194.244,Primary
22.78333282470703,29.45078468322754,Coarse,194.395,Secondary
22.748897552490234,29.413850784301758,Coarse,194.444,Primary
22.892112731933594,29.389690399169922,Coarse,194.612,Secondary
22.870819091796875,29.33652687072754,Coarse,194.641,Primary
22.849950790405273,29.416465759277344,Coarse,194.809,Secondary
22.764833450317383,29.39668846130371,Coarse,194.847,Primary
22.85302734375,29.427631378173828,Coarse,195.018,Secondary
22.825695037841797,29.39628028869629,Coarse,195.049,Primary
22.907480239868164,29.419410705566406,Coarse,195.216,Secondary
22.89129066467285,29.369741439819336,Coarse,195.249,Primary
22.834716796875,29.484577178955078,Coarse,195.426,Secondary
22.80950164794922,29.423494338989258,Coarse,195.455,Primary
22.949037551879883,29.438867568969727,Coarse,195.637,Secondary
22.923038482666016,29.404172897338867,Coarse,195.65,Primary
22.859512329101562,29.445404052734375,Coarse,195.832,Secondary
22.830556869506836,29.4086856842041,Coarse,195.864,Primary
22.921232223510742,29.4287166595459,Coarse,196.029,Secondary
22.91431999206543,29.37203025817871,Coarse,196.057,Primary
22.956892013549805,29.429567337036133,Coarse,196.23,Secondary
22.932947158813477,29.389482498168945,Coarse,196.246,Primary
22.87449073791504,29.476150512695312,Coarse,196.443,Secondary
22.86066436767578,29.409515380859375,Coarse,196.465,Primary
22.97182846069336,29.48731231689453,Coarse,196.641,Secondary
22.956750869750977,29.427270889282227,Coarse,196.67,Primary
22.873878479003906,29.492412567138672,Coarse,196.832,Secondary
22.85066032409668,29.38829803466797,Coarse,196.873,Primary
22.95023536682129,29.48575210571289,Coarse,197.059,Secondary
23.020809173583984,29.442562103271484,Coarse,197.087,Primary
22.994915008544922,29.493589401245117,Coarse,197.281,Secondary
22.943910598754883,29.457420349121094,Coarse,197.317,Primary
22.975923538208008,29.48174476623535,Coarse,197.525,Secondary
22.96494483947754,29.408096313476562,Coarse,197.539,Primary
23.025318145751953,29.50381088256836,Coarse,197.73,Secondary
23.02620506286621,29.468400955200195,Coarse,197.736,Primary
22.946392059326172,29.487308502197266,Coarse,197.91,Secondary
22.95378303527832,29.43613052368164,Coarse,197.952,Primary
23.075817108154297,29.52907371520996,Coarse,198.122,Secondary
23.085941314697266,29.459436416625977,Coarse,198.167,Primary
22.972431182861328,29.5006103515625,Coarse,198.333,Secondary
22.98725128173828,29.42797088623047,Coarse,198.376,Primary
23.03872299194336,29.52485466003418,Coarse,198.541,Secondary
23.125778198242188,29.472209930419922,Coarse,198.596,Primary
23.068220138549805,29.55551528930664,Coarse,198.751,Secondary
23.072755813598633,29.511138916015625,Coarse,198.79,Primary
22.995271682739258,29.556018829345703,Coarse,198.985,Secondary
23.028512954711914,29.481966018676758,Coarse,199.014,Primary
23.076488494873047,29.6149845123291,Coarse,199.231,Secondary
23.098709106445312,29.53523063659668,Coarse,199.25,Primary
23.013214111328125,29.553571701049805,Coarse,199.406,Secondary
23.023603439331055,29.502878189086914,Coarse,199.455,Primary
23.105541229248047,29.635496139526367,Coarse,199.611,Secondary
23.145334243774414,29.560317993164062,Coarse,199.649,Primary
23.021080017089844,29.588228225708008,Coarse,199.826,Secondary
23.038482666015625,29.543214797973633,Coarse,199.858,Primary
23.07003402709961,29.617149353027344,Coarse,200.028,Secondary
23.14928436279297,29.62596321105957,Coarse,200.089,Primary
23.098323822021484,29.650978088378906,Coarse,200.26,Secondary
23.119098663330078,29.606769561767578,Coarse,200.287,Primary
23.03080177307129,29.620820999145508,Coarse,200.491,Secondary
23.071598052978516,29.561012268066406,Coarse,200.516,Primary
23.080516815185547,29.680818557739258,Coarse,200.686,Secondary
23.105825424194336,29.655588150024414,Coarse,200.724,Primary
23.009628295898438,29.61871910095215,Coarse,200.906,Secondary
23.05989646911621,29.56941795349121,Coarse,200.946,Primary
23.096416473388672,29.73085594177246,Coarse,201.104,Secondary
23.16651153564453,29.665302276611328,Coarse,201.16,Primary
23.034832000732422,29.660850524902344,Coarse,201.325,Secondary
23.081951141357422,29.61056137084961,Coarse,201.388,Primary
23.08088493347168,29.714614868164062,Coarse,201.528,Secondary
23.14921760559082,29.719409942626953,Coarse,201.575,Primary
23.07349967956543,29.745159149169922,Coarse,201.741,Secondary
23.116260528564453,29.696834564208984,Coarse,201.771,Primary
23.00498390197754,29.686044692993164,Coarse,201.922,Secondary
23.048484802246094,29.650962829589844,Coarse,201.969,Primary
23.055416107177734,29.796586990356445,Coarse,202.121,Secondary
23.090717315673828,29.75574493408203,Coarse,202.169,Primary
23.018264770507812,29.716461181640625,Coarse,202.33,Secondary
23.06229591369629,29.679824829101562,Coarse,202.372,Primary
23.04339027404785,29.7674503326416,Coarse,202.527,Secondary
23.084604263305664,29.749713897705078,Coarse,202.55,Primary
23.055084228515625,29.80258560180664,Coarse,202.702,Secondary
23.10907745361328,29.76779556274414,Coarse,202.757,Primary
23.00684356689453,29.738441467285156,Coarse,202.907,Secondary
23.0653076171875,29.714513778686523,Coarse,202.932,Primary
23.038467407226562,29.84840965270996,Coarse,203.102,Secondary
23.097318649291992,29.819135665893555,Coarse,203.119,Primary
23.033767700195312,29.806015014648438,Coarse,203.291,Secondary
23.04595184326172,29.750829696655273,Coarse,203.323,Primary
22.996553421020508,29.797882080078125,Coarse,203.481,Secondary
23.053361892700195,29.767370223999023,Coarse,203.53,Primary
23.01341438293457,29.856048583984375,Coarse,203.672,Secondary
23.027585983276367,29.854755401611328,Coarse,203.71,Primary
23.012693405151367,29.781124114990234,Coarse,203.878,Secondary
23.07841682434082,29.77300453186035,Coarse,203.9,Primary
23.025157928466797,29.858078002929688,Coarse,204.051,Secondary
23.0607852935791,29.914846420288086,Coarse,204.106,Primary
23.008380889892578,29.880090713500977,Coarse,204.279,Secondary
23.051570892333984,29.878589630126953,Coarse,204.32,Primary
23.003374099731445,29.857715606689453,Coarse,204.47,Secondary
23.062509536743164,29.854389190673828,Coarse,204.51,Primary
22.981796264648438,29.922447204589844,Coarse,204.658,Secondary
23.042186737060547,29.90972328186035,Coarse,204.715,Primary
22.97295379638672,29.8309383392334,Coarse,204.887,Secondary
23.05109977722168,29.834754943847656,Coarse,204.942,Primary
22.96067237854004,29.990806579589844,Coarse,205.12,Secondary
22.994842529296875,29.986513137817383,Coarse,205.154,Primary
22.996891021728516,29.934579849243164,Coarse,205.292,Secondary
23.033275604248047,29.910799026489258,Coarse,205.351,Primary
22.98164939880371,29.929889678955078,Coarse,205.534,Secondary
23.0222110748291,29.996084213256836,Coarse,205.624,Primary
22.940279006958008,29.960906982421875,Coarse,205.748,Secondary
23.025197982788086,29.97710609436035,Coarse,205.805,Primary
22.946392059326172,29.891469955444336,Coarse,205.978,Secondary
23.03327751159668,29.907732009887695,Coarse,206.025,Primary
22.901439666748047,29.975648880004883,Coarse,206.201,Secondary
22.97164535522461,29.99995994567871,Coarse,206.239,Primary
22.926389694213867,29.88728904724121,Coarse,206.417,Secondary
23.000080108642578,29.911365509033203,Coarse,206.47,Primary
22.86093521118164,30.00575828552246,Coarse,206.644,Secondary
22.939966201782227,30.04454231262207,Coarse,206.676,Primary
22.909278869628906,29.911027908325195,Coarse,206.82,Secondary
22.933229446411133,29.924339294433594,Coarse,206.879,Primary
22.879209518432617,29.975231170654297,Coarse,207.069,Secondary
23.193227767944336,30.18706703186035,Coarse,207.089,Primary
23.040788650512695,30.490755081176758,Fine,207.282,Secondary
23.16982650756836,30.813100814819336,Fine,207.336,Primary
23.149580001831055,31.15262222290039,Fine,207.501,Secondary
23.210826873779297,31.192516326904297,Fine,207.535,Primary
23.186397552490234,31.084964752197266,Fine,207.691,Secondary
23.2415714263916,31.12495231628418,Fine,207.734,Primary
23.119524002075195,31.07758331298828,Fine,207.915,Secondary
23.19211196899414,31.134784698486328,Fine,207.942,Primary
23.198631286621094,30.988353729248047,Fine,208.111,Secondary
23.256000518798828,31.028398513793945,Fine,208.161,Primary
23.05891227722168,30.957189559936523,Fine,208.33,Secondary
23.106660842895508,30.97601318359375,Fine,208.37,Primary
23.06358528137207,30.915708541870117,Fine,208.539,Secondary
23.23973846435547,30.88807487487793,Fine,208.583,Primary
23.040414810180664,30.692441940307617,Fine,208.758,Secondary
23.101760864257812,30.735862731933594,Fine,208.787,Primary
23.001192092895508,30.710691452026367,Fine,208.951,Secondary
23.055635452270508,30.755107879638672,Fine,208.998,Primary
23.071285247802734,30.606809616088867,Fine,209.146,Secondary
23.10506820678711,30.613218307495117,Fine,209.192,Primary
23.015207290649414,30.628957748413086,Fine,209.36,Secondary
23.048267364501953,30.6509952545166,Fine,209.41,Primary
23.165687561035156,30.603395462036133,Fine,209.625,Secondary
23.212852478027344,30.636940002441406,Fine,209.65,Primary
23.115985870361328,30.60725975036621,Fine,209.839,Secondary
23.16571807861328,30.630718231201172,Fine,209.865,Primary
22.922334671020508,30.46043586730957,Fine,210.06,Secondary
23.28655242919922,30.541629791259766,Fine,210.086,Primary
22.955856323242188,30.307456970214844,Fine,210.253,Secondary
22.9881649017334,30.33538818359375,Fine,210.294,Primary
22.927902221679688,29.8717098236084,Fine,210.46,Secondary
22.941987991333008,29.874595642089844,Fine,210.514,Primary
22.862451553344727,29.301145553588867,Fine,210.684,Secondary
22.873991012573242,29.30649757385254,Fine,210.716,Primary
22.769121170043945,28.676851272583008,Fine,210.909,Secondary
22.769542694091797,28.655641555786133,Fine,210.934,Primary
22.603981018066406,28.243574142456055,Fine,211.124,Secondary
22.588504791259766,28.22567367553711,Fine,211.156,Primary
22.43924331665039,28.103099822998047,Fine,211.344,Secondary
22.429384231567383,28.068031311035156,Fine,211.36,Primary
22.371049880981445,27.928422927856445,Fine,211.555,Secondary
22.331693649291992,27.9410457611084,Fine,211.579,Primary
22.33210563659668,27.852672576904297,Fine,211.762,Secondary
22.32426643371582,27.837310791015625,Fine,211.787,Primary
22.341899871826172,28.044824600219727,Fine,211.938,Secondary
22.33950424194336,28.030757904052734,Fine,211.978,Primary
22.370996475219727,28.362060546875,Fine,212.156,Secondary
22.361312866210938,28.325416564941406,Fine,212.192,Primary
22.33965301513672,28.391544342041016,Fine,212.368,Secondary
22.32512092590332,28.375314712524414,Fine,212.397,Primary
22.454622268676758,28.446802139282227,Fine,212.569,Secondary
22.358152389526367,28.57115936279297,Fine,212.604,Primary
22.50499725341797,28.783878326416016,Fine,212.772,Secondary
22.501998901367188,28.77164077758789,Fine,212.815,Primary
22.52262306213379,28.932844161987305,Fine,212.98,Secondary
22.517335891723633,28.895261764526367,Fine,213.041,Primary
22.56947898864746,29.171276092529297,Fine,213.227,Secondary
22.569782257080078,29.16143798828125,Fine,213.257,Primary
22.67919158935547,29.616403579711914,Fine,213.429,Secondary
22.682390213012695,29.61693000793457,Fine,213.478,Primary
22.7268123626709,29.767961502075195,Fine,213.642,Secondary
22.726795196533203,29.750478744506836,Fine,213.675,Primary
22.687288284301758,29.669160842895508,Fine,213.848,Secondary
22.699960708618164,29.67575454711914,Fine,213.889,Primary
22.752941131591797,29.818410873413086,Fine,214.045,Secondary
22.752674102783203,29.707435607910156,Fine,214.095,Primary
22.76091194152832,29.842548370361328,Fine,214.237,Secondary
22.772850036621094,29.846656799316406,Fine,214.282,Primary
22.788297653198242,29.96809196472168,Fine,214.467,Secondary
22.79863929748535,29.96996307373047,Fine,214.508,Primary
22.82540512084961,30.091535568237305,Fine,214.662,Secondary
22.831716537475586,30.09821319580078,Fine,214.714,Primary
22.8635196685791,30.247215270996094,Fine,214.872,Secondary
22.878955841064453,30.263307571411133,Fine,214.92,Primary
22.896047592163086,30.26618194580078,Fine,215.092,Secondary
22.906612396240234,30.295507431030273,Fine,215.136,Primary
22.87716293334961,30.267423629760742,Fine,215.287,Secondary
22.875242233276367,30.30309295654297,Fine,215.342,Primary
22.89961051940918,30.370258331298828,Fine,215.508,Secondary
22.90721893310547,30.394947052001953,Fine,215.558,Primary
22.856138229370117,30.185420989990234,Fine,215.712,Secondary
22.876052856445312,30.201595306396484,Fine,215.757,Primary
22.843509674072266,30.18163299560547,Fine,215.928,Secondary
22.856752395629883,30.195587158203125,Fine,215.962,Primary
22.833642959594727,30.104843139648438,Fine,216.133,Secondary
22.83299446105957,30.109481811523438,Fine,216.187,Primary
22.822317123413086,30.036935806274414,Fine,216.342,Secondary
22.83582878112793,30.056734085083008,Fine,216.387,Primary
22.865947723388672,30.100120544433594,Fine,216.578,Secondary
22.881778717041016,30.12972640991211,Fine,216.618,Primary
22.867136001586914,30.160930633544922,Fine,216.805,Secondary
22.879335403442383,30.152456283569336,Fine,216.842,Primary
22.855871200561523,30.151758193969727,Fine,217.029,Secondary
22.82479476928711,30.186620712280273,Fine,217.088,Primary
22.840770721435547,30.08621597290039,Fine,217.27,Secondary
22.85631561279297,30.103097915649414,Fine,217.317,Primary
22.904964447021484,30.3131160736084,Fine,217.47,Secondary
22.909786224365234,30.340518951416016,Fine,217.499,Primary
22.848976135253906,30.228748321533203,Fine,217.655,Secondary
22.863548278808594,30.25295639038086,Fine,217.703,Primary
22.87578010559082,30.283363342285156,Fine,217.864,Secondary
22.88153648376465,30.28927993774414,Fine,217.915,Primary
22.856050491333008,30.227680206298828,Fine,218.088,Secondary
22.87370491027832,30.23722267150879,Fine,218.141,Primary
22.83121681213379,30.043548583984375,Fine,218.337,Secondary
22.841075897216797,30.058151245117188,Fine,218.366,Primary
22.784482955932617,29.851085662841797,Fine,218.552,Secondary
22.808218002319336,29.945388793945312,Fine,218.592,Primary
22.761615753173828,29.781444549560547,Fine,218.773,Secondary
22.772891998291016,29.796281814575195,Fine,218.811,Primary
22.72926902770996,29.64132308959961,Fine,218.977,Secondary
22.731672286987305,29.65154457092285,Fine,219.036,Primary
22.70081901550293,29.5390567779541,Fine,219.201,Secondary
22.71321678161621,29.544830322265625,Fine,219.241,Primary
22.661149978637695,29.39082145690918,Fine,219.426,Secondary
22.66397476196289,29.393354415893555,Fine,219.481,Primary
22.58055877685547,29.06915283203125,Fine,219.64,Secondary
22.595870971679688,29.05887794494629,Fine,219.678,Primary
22.58072280883789,28.97186851501465,Fine,219.852,Secondary
22.585927963256836,28.956790924072266,Fine,219.898,Primary
22.53521728515625,28.892953872680664,Fine,220.059,Secondary
22.55289077758789,28.90122413635254,Fine,220.093,Primary
22.521907806396484,28.844106674194336,Fine,220.249,Secondary
22.51559829711914,28.839296340942383,Fine,220.303,Primary
22.558008193969727,28.991987228393555,Fine,220.456,Secondary
22.55712127685547,28.976207733154297,Fine,220.501,Primary
22.56321907043457,29.02069664001465,Fine,220.67,Secondary
22.566741943359375,29.018001556396484,Fine,220.717,Primary
22.54039764404297,28.95054054260254,Fine,220.885,Secondary
22.546672821044922,28.940231323242188,Fine,220.914,Primary
22.584339141845703,29.053388595581055,Fine,221.084,Secondary
22.589696884155273,29.04771614074707,Fine,221.128,Primary
22.574493408203125,29.122161865234375,Fine,221.308,Secondary
22.580259323120117,29.11600685119629,Fine,221.343,Primary
22.5932674407959,29.198612213134766,Fine,221.509,Secondary
22.596704483032227,29.189462661743164,Fine,221.555,Primary
22.62152671813965,29.312713623046875,Fine,221.737,Secondary
22.624006271362305,29.30592155456543,Fine,221.774,Primary
22.6727294921875,29.5502986907959,Fine,221.96,Secondary
22.68440818786621,29.547075271606445,Fine,221.991,Primary
22.695724487304688,29.648229598999023,Fine,222.155,Secondary
22.698963165283203,29.643104553222656,Fine,222.198,Primary
22.731475830078125,29.788209915161133,Fine,222.362,Secondary
22.738256454467773,29.78609275817871,Fine,222.408,Primary
22.76099395751953,29.854429244995117,Fine,222.612,Secondary
22.75901985168457,29.855195999145508,Fine,222.644,Primary
22.75727653503418,29.860454559326172,Fine,222.787,Secondary
22.76268196105957,29.937175750732422,Fine,222.837,Primary
22.807832717895508,30.071718215942383,Fine,223.051,Secondary
22.79792022705078,29.997417449951172,Fine,223.077,Primary
22.800975799560547,30.040245056152344,Fine,223.24,Secondary
22.809053421020508,30.048118591308594,Fine,223.292,Primary
22.83001708984375,30.134672164916992,Fine,223.46,Secondary
22.847679138183594,30.15024185180664,Fine,223.49,Primary
22.8007755279541,30.056842803955078,Fine,223.649,Secondary
22.8133602142334,30.074874877929688,Fine,223.697,Primary
22.808744430541992,30.0306396484375,Fine,223.871,Secondary
22.80976676940918,30.0379695892334,Fine,223.917,Primary
22.794776916503906,29.991641998291016,Fine,224.092,Secondary
22.80811309814453,29.99558448791504,Fine,224.132,Primary
22.800071716308594,29.96932029724121,Fine,224.279,Secondary
22.800586700439453,29.96686553955078,Fine,224.328,Primary
22.786636352539062,29.950422286987305,Fine,224.51,Secondary
22.800193786621094,29.96820068359375,Fine,224.556,Primary
22.803926467895508,29.96587371826172,Fine,224.725,Secondary
22.81487464904785,29.995563507080078,Fine,224.763,Primary
22.775375366210938,29.88507652282715,Fine,224.912,Secondary
22.787490844726562,29.897985458374023,Fine,224.96,Primary
22.78826141357422,29.912046432495117,Fine,225.118,Secondary
22.802305221557617,29.912988662719727,Fine,225.152,Primary
22.795948028564453,29.939191818237305,Fine,225.317,Secondary
22.787796020507812,29.891231536865234,Fine,225.371,Primary
22.765108108520508,29.80385398864746,Fine,225.553,Secondary
22.78509521484375,29.901853561401367,Fine,225.602,Primary
22.79227066040039,29.921072006225586,Fine,225.755,Secondary
22.806360244750977,29.936201095581055,Fine,225.807,Primary
22.78594970703125,29.901775360107422,Fine,225.981,Secondary
22.795631408691406,29.915592193603516,Fine,226.016,Primary
22.78066062927246,29.89129066467285,Fine,226.196,Secondary
22.79715919494629,29.89946937561035,Fine,226.231,Primary
22.800846099853516,29.92249298095703,Fine,226.409,Secondary
22.82183074951172,29.93915367126465,Fine,226.467,Primary
22.76646614074707,29.838281631469727,Fine,226.597,Secondary
22.778654098510742,29.85152816772461,Fine,226.628,Primary
22.766250610351562,29.838571548461914,Fine,226.825,Secondary
22.77950096130371,29.78074073791504,Fine,226.849,Primary
22.719219207763672,29.629793167114258,Fine,227.03,Secondary
22.749309539794922,29.759286880493164,Fine,227.079,Primary
22.746007919311523,29.753704071044922,Fine,227.246,Secondary
22.755823135375977,29.74595069885254,Fine,227.275,Primary
22.71276092529297,29.639732360839844,Fine,227.463,Secondary
22.725061416625977,29.632694244384766,Fine,227.509,Primary
22.718753814697266,29.643199920654297,Fine,227.683,Secondary
22.72785186767578,29.645654678344727,Fine,227.713,Primary
22.69322967529297,29.568477630615234,Fine,227.904,Secondary
22.6955509185791,29.563602447509766,Fine,227.944,Primary
22.663135528564453,29.41339874267578,Fine,228.126,Secondary
22.66905403137207,29.411026000976562,Fine,228.172,Primary
22.6503963470459,29.36113739013672,Fine,228.343,Secondary
22.662487030029297,29.356969833374023,Fine,228.388,Primary
22.637659072875977,29.34465980529785,Fine,228.561,Secondary
22.64722442626953,29.340511322021484,Fine,228.593,Primary
22.6234188079834,29.29539680480957,Fine,228.79,Secondary
22.65648078918457,29.354902267456055,Fine,228.828,Primary
22.65039825439453,29.388202667236328,Fine,229.0,Secondary
22.6623477935791,29.37970542907715,Fine,229.045,Primary
22.63742446899414,29.332151412963867,Fine,229.206,Secondary
22.6469669342041,29.334531784057617,Fine,229.246,Primary
22.634775161743164,29.312397003173828,Fine,229.439,Secondary
22.639190673828125,29.319595336914062,Fine,229.483,Primary
22.653926849365234,29.374149322509766,Fine,229.637,Secondary
22.659029006958008,29.373075485229492,Fine,229.692,Primary
22.652360916137695,29.42641830444336,Fine,229.876,Secondary
22.66898536682129,29.421180725097656,Fine,229.897,Primary
22.686506271362305,29.547521591186523,Fine,230.072,Secondary
22.6889591217041,29.490602493286133,Fine,230.109,Primary
22.67469024658203,29.499143600463867,Fine,230.273,Secondary
22.6785888671875,29.505847930908203,Fine,230.317,Primary
22.719099044799805,29.67076301574707,Fine,230.475,Secondary
22.72405242919922,29.66631317138672,Fine,230.5,Primary
22.71068572998047,29.663965225219727,Fine,230.669,Secondary
22.723779678344727,29.66925621032715,Fine,230.704,Primary
22.734638214111328,29.750625610351562,Fine,230.886,Secondary
22.735689163208008,29.749807357788086,Fine,230.937,Primary
22.755701065063477,29.81426239013672,Fine,231.093,Secondary
22.75931167602539,29.824535369873047,Fine,231.13,Primary
22.756309509277344,29.840091705322266,Fine,231.292,Secondary
22.767833709716797,29.874019622802734,Fine,231.332,Primary
22.786338806152344,29.92915153503418,Fine,231.486,Secondary
22.795589447021484,29.932415008544922,Fine,231.533,Primary
22.776050567626953,29.921001434326172,Fine,231.688,Secondary
22.790538787841797,29.923248291015625,Fine,231.735,Primary
22.77725601196289,29.938846588134766,Fine,231.901,Secondary
22.789939880371094,29.958721160888672,Fine,231.948,Primary
22.777313232421875,29.90909767150879,Fine,232.117,Secondary
22.78397560119629,29.925251007080078,Fine,232.166,Primary
22.768077850341797,29.89519500732422,Fine,232.333,Secondary
22.778207778930664,29.892263412475586,Fine,232.38,Primary
22.7759952545166,29.89584732055664,Fine,232.554,Secondary
22.776866912841797,29.89289665222168,Fine,232.583,Primary
22.77452850341797,29.89668083190918,Fine,232.772,Secondary
22.78474235534668,29.914514541625977,Fine,232.815,Primary
22.75916862487793,29.82550811767578,Fine,233.029,Secondary
22.777324676513672,29.836645126342773,Fine,233.032,Primary
22.774051666259766,29.86781883239746,Fine,233.192,Secondary
22.789091110229492,29.87040901184082,Fine,233.256,Primary
22.761608123779297,29.820554733276367,Fine,233.427,Secondary
22.7802677154541,29.831039428710938,Fine,233.481,Primary
22.756336212158203,29.796825408935547,Fine,233.651,Secondary
22.769357681274414,29.802112579345703,Fine,233.684,Primary
22.744266510009766,29.740371704101562,Fine,233.876,Secondary
22.744943618774414,29.75632667541504,Fine,233.912,Primary
22.747528076171875,29.76901626586914,Fine,234.078,Secondary
22.75919532775879,29.768577575683594,Fine,234.122,Primary
22.758163452148438,29.806713104248047,Fine,234.274,Secondary
22.763046264648438,29.782180786132812,Fine,234.35,Primary
22.727073669433594,29.714147567749023,Fine,234.536,Secondary
22.735334396362305,29.723730087280273,Fine,234.576,Primary
22.750404357910156,29.769672393798828,Fine,234.748,Secondary
22.758848190307617,29.765804290771484,Fine,234.788,Primary
22.73153305053711,29.70564842224121,Fine,234.938,Secondary
22.740833282470703,29.719621658325195,Fine,234.989,Primary
22.735904693603516,29.7259464263916,Fine,235.163,Secondary
22.745826721191406,29.721406936645508,Fine,235.201,Primary
22.738967895507812,29.705917358398438,Fine,235.378,Secondary
22.742876052856445,29.699785232543945,Fine,235.418,Primary
22.730417251586914,29.683534622192383,Fine,235.583,Secondary
22.73992156982422,29.674278259277344,Fine,235.649,Primary
22.731689453125,29.693687438964844,Fine,235.806,Secondary
22.7324161529541,29.672489166259766,Fine,235.856,Primary
22.705278396606445,29.608154296875,Fine,236.035,Secondary
22.711938858032227,29.64348030090332,Fine,236.087,Primary
22.710847854614258,29.617956161499023,Fine,236.289,Secondary
22.72499656677246,29.627281188964844,Fine,236.317,Primary
22.69466781616211,29.567596435546875,Fine,236.467,Secondary
22.700546264648438,29.575618743896484,Fine,236.531,Primary
22.694005966186523,29.557170867919922,Fine,236.695,Secondary
22.698299407958984,29.559885025024414,Fine,236.749,Primary
22.689970016479492,29.556278228759766,Fine,236.911,Secondary
22.697986602783203,29.547679901123047,Fine,236.97,Primary
22.671655654907227,29.52040672302246,Fine,237.125,Secondary
22.69083595275879,29.51923179626465,Fine,237.165,Primary
22.676250457763672,29.526803970336914,Fine,237.345,Secondary
22.67591667175293,29.51991844177246,Fine,237.386,Primary
22.68433380126953,29.5658016204834,Fine,237.558,Secondary
22.726356506347656,29.424638748168945,Fine,237.614,Primary
22.707550048828125,29.37991714477539,Search,237.78,Secondary
22.711111068725586,29.387378692626953,Search,237.812,Primary
22.88442611694336,28.869619369506836,Search,237.984,Secondary
22.8923282623291,28.870031356811523,Search,238.029,Primary
23.051082611083984,29.015775680541992,Search,238.21,Secondary
23.058700561523438,29.020769119262695,Search,238.246,Primary
23.14129638671875,29.277233123779297,Search,238.406,Secondary
23.1395320892334,29.275287628173828,Search,238.441,Primary
22.556737899780273,29.51260757446289,Search,238.606,Secondary
22.565221786499023,29.512039184570312,Search,238.645,Primary
22.486244201660156,30.102787017822266,Trail,238.82,Secondary
22.141616821289062,30.437332153320312,Trail,238.867,Primary
22.08194351196289,30.9200496673584,Trail,239.035,Secondary
22.609594345092773,30.845983505249023,Trail,239.09,Primary
22.523191452026367,30.697908401489258,Trail,239.254,Secondary
22.53204345703125,30.6934871673584,Trail,239.301,Primary
22.821041107177734,30.336597442626953,Trail,239.479,Secondary
22.826017379760742,30.35114860534668,Trail,239.521,Primary
22.909347534179688,29.96146011352539,Trail,239.707,Secondary
22.913156509399414,29.975597381591797,Trail,239.748,Primary
22.79808235168457,29.805564880371094,Trail,239.895,Secondary
22.804628372192383,29.81172752380371,Trail,239.935,Primary
22.798707962036133,29.665578842163086,Trail,240.106,Secondary
22.79756736755371,29.682050704956055,Trail,240.144,Primary
22.8541259765625,29.734514236450195,Trail,240.334,Secondary
22.855941772460938,29.727046966552734,Trail,240.348,Primary
22.856672286987305,29.918109893798828,Trail,240.547,Secondary
22.840721130371094,29.938751220703125,Trail,240.577,Primary
22.752735137939453,30.099016189575195,Trail,240.741,Secondary
22.754474639892578,30.110885620117188,Trail,240.779,Primary
22.604427337646484,30.2581787109375,Trail,240.973,Secondary
22.60410499572754,30.262386322021484,Trail,241.002,Primary
22.552337646484375,30.003902435302734,Trail,241.159,Secondary
22.567827224731445,30.022802352905273,Trail,241.216,Primary
22.710678100585938,29.735471725463867,Trail,241.341,Secondary
22.73183250427246,29.746646881103516,Trail,241.385,Primary
22.74632453918457,29.590412139892578,Trail,241.565,Secondary
22.719173431396484,29.81985855102539,Trail,241.603,Primary
22.658449172973633,29.871862411499023,Trail,241.779,Secondary
22.668678283691406,29.881702423095703,Trail,241.817,Primary
22.644750595092773,29.973297119140625,Trail,241.972,Secondary
22.654769897460938,29.974857330322266,Trail,242.023,Primary
22.674327850341797,29.845516204833984,Trail,242.194,Secondary
22.67997169494629,29.862661361694336,Trail,242.232,Primary
22.856918334960938,29.689208984375,Trail,242.405,Secondary
22.862144470214844,29.679941177368164,Trail,242.443,Primary
23.083526611328125,29.403791427612305,Trail,242.628,Secondary
23.091190338134766,29.40983772277832,Trail,242.644,Primary
23.324729919433594,29.06243896484375,Trail,242.863,Secondary
23.323949813842773,29.06378173828125,Trail,242.882,Primary
23.323518753051758,28.798553466796875,Trail,243.07,Secondary
23.169233322143555,28.9061279296875,Trail,243.09,Primary
23.08311653137207,28.97921371459961,Trail,243.267,Secondary
23.076208114624023,28.96455192565918,Trail,243.283,Primary
22.766128540039062,29.133073806762695,Trail,243.462,Secondary
22.77448081970215,29.116168975830078,Trail,243.486,Primary
22.491865158081055,29.247432708740234,Trail,243.667,Secondary
22.50409698486328,29.239421844482422,Trail,243.697,Primary
22.486228942871094,29.292430877685547,Trail,243.866,Secondary
22.48253059387207,29.291431427001953,Trail,243.902,Primary
22.397552490234375,29.44036293029785,Trail,244.105,Secondary
22.401426315307617,29.431262969970703,Trail,244.135,Primary
22.47469139099121,29.39206314086914,Trail,244.308,Secondary
22.26358413696289,29.534542083740234,Trail,244.348,Primary
22.332250595092773,29.432628631591797,Trail,244.526,Secondary
22.333873748779297,29.425636291503906,Trail,244.556,Primary
22.264963150024414,29.505887985229492,Trail,244.71,Secondary
22.258596420288086,29.48509407043457,Trail,244.735,Primary
22.310482025146484,29.495725631713867,Trail,244.888,Secondary
22.30348777770996,29.489505767822266,Trail,244.925,Primary
22.21271514892578,29.69733428955078,Trail,245.096,Secondary
22.21189308166504,29.693172454833984,Trail,245.124,Primary
22.069297790527344,29.76717185974121,Trail,245.307,Secondary
22.152196884155273,29.840349197387695,Trail,245.329,Primary
22.121946334838867,29.910551071166992,Trail,245.496,Secondary
22.114221572875977,29.91257095336914,Trail,245.527,Primary
22.068891525268555,30.07872200012207,Trail,245.703,Secondary
22.05788230895996,30.070430755615234,Trail,245.738,Primary
21.935529708862305,29.87716293334961,Trail,245.921,Secondary
21.91973876953125,29.894847869873047,Trail,245.941,Primary
21.756175994873047,29.686656951904297,Trail,246.102,Secondary
21.744951248168945,29.700355529785156,Trail,246.144,Primary
21.774662017822266,29.916902542114258,Trail,246.301,Secondary
21.592193603515625,29.51487922668457,Trail,246.348,Primary
21.70744514465332,29.663372039794922,Trail,246.521,Secondary
21.696884155273438,29.6639347076416,Trail,246.558,Primary
22.218297958374023,29.46765899658203,Trail,246.721,Secondary
22.226360321044922,29.46139907836914,Trail,246.762,Primary
22.53577995300293,29.529626846313477,Trail,246.947,Secondary
22.541154861450195,29.53426170349121,Trail,246.974,Primary
22.655248641967773,29.786020278930664,Trail,247.149,Secondary
22.66449737548828,29.787363052368164,Trail,247.167,Primary
22.526260375976562,30.113216400146484,Trail,247.364,Secondary
22.532657623291016,30.120203018188477,Trail,247.391,Primary
22.596477508544922,30.116687774658203,Trail,247.582,Secondary
22.60712242126465,30.133119583129883,Trail,247.618,Primary
22.855289459228516,29.956361770629883,Trail,247.791,Secondary
22.40801239013672,30.100465774536133,Trail,247.833,Primary
22.727558135986328,29.864042282104492,Trail,248.015,Secondary
22.74221420288086,29.875120162963867,Trail,248.051,Primary
22.625192642211914,29.80754280090332,Trail,248.199,Secondary
22.6514892578125,29.793001174926758,Trail,248.239,Primary
22.71470832824707,29.715232849121094,Trail,248.403,Secondary
22.74700355529785,29.718814849853516,Trail,248.452,Primary
22.72117805480957,29.582490921020508,Trail,248.61,Secondary
22.750591278076172,29.577743530273438,Trail,248.645,Primary
22.82545280456543,29.519107818603516,Trail,248.841,Secondary
22.85895538330078,29.51280975341797,Trail,248.884,Primary
22.7633113861084,29.364456176757812,Trail,249.053,Secondary
23.055004119873047,29.44236183166504,Trail,249.077,Primary
22.947002410888672,29.147872924804688,Trail,249.255,Secondary
22.97336769104004,29.145124435424805,Trail,249.297,Primary
23.24547576904297,29.132732391357422,Trail,249.466,Secondary
23.262805938720703,29.13205337524414,Trail,249.494,Primary
23.203365325927734,29.441043853759766,Trail,249.661,Secondary
23.230180740356445,29.43848991394043,Trail,249.707,Primary
23.225305557250977,29.54074478149414,Trail,249.874,Secondary
23.240310668945312,29.54352569580078,Trail,249.903,Primary
23.128498077392578,29.475547790527344,Trail,250.069,Secondary
23.150615692138672,29.744096755981445,Trail,250.111,Primary
22.949207305908203,29.665451049804688,Trail,250.29,Secondary
23.021793365478516,29.793821334838867,Trail,250.33,Primary
22.895933151245117,29.73196029663086,Trail,250.526,Secondary
22.908479690551758,29.74610710144043,Trail,250.546,Primary
22.62533187866211,29.678468704223633,Trail,250.73,Secondary
22.62705421447754,29.688974380493164,Trail,250.752,Primary
22.455219268798828,29.326278686523438,Trail,250.926,Secondary
22.44890785217285,29.340593338012695,Trail,250.95,Primary
22.394569396972656,29.23924446105957,Trail,251.112,Secondary
22.37938117980957,29.24083137512207,Trail,251.135,Primary
22.32969093322754,29.310504913330078,Trail,251.294,Secondary
22.69220733642578,29.15672492980957,Trail,251.337,Primary
22.568763732910156,29.364856719970703,Trail,251.5,Secondary
22.547306060791016,29.372522354125977,Trail,251.538,Primary
22.73553466796875,29.66531753540039,Trail,251.727,Secondary
22.707366943359375,29.677913665771484,Trail,251.763,Primary
22.76099967956543,29.927448272705078,Trail,251.942,Secondary
22.730817794799805,29.941429138183594,Trail,251.995,Primary
22.679630279541016,29.9393310546875,Trail,252.158,Secondary
22.646303176879883,29.94404411315918,Trail,252.195,Primary
22.398670196533203,29.894363403320312,Trail,252.373,Secondary
22.361486434936523,29.89022445678711,Trail,252.406,Primary
22.566452026367188,30.180908203125,Trail,252.553,Secondary
22.181724548339844,30.021034240722656,Trail,252.595,Primary
22.27210807800293,30.287120819091797,Trail,252.79,Secondary
22.23761558532715,30.28664779663086,Trail,252.823,Primary
22.12041664123535,30.08418083190918,Trail,252.985,Secondary
22.10552215576172,30.084793090820312,Trail,253.003,Primary
21.967071533203125,29.886682510375977,Trail,253.162,Secondary
21.967920303344727,29.882492065429688,Trail,253.197,Primary
21.9717960357666,29.73141098022461,Trail,253.365,Secondary
21.953929901123047,29.74664306640625,Trail,253.4,Primary
22.187255859375,29.5609073638916,Trail,253.579,Secondary
22.16940689086914,29.567419052124023,Trail,253.612,Primary
22.408926010131836,29.67618751525879,Trail,253.819,Secondary
22.395898818969727,29.68001937866211,Trail,253.826,Primary
22.67303466796875,29.723155975341797,Trail,253.988,Secondary
22.670364379882812,29.720687866210938,Trail,254.016,Primary
22.645469665527344,29.725914001464844,Trail,254.194,Secondary
22.65577507019043,29.718809127807617,Trail,254.211,Primary
22.510805130004883,29.823307037353516,Trail,254.377,Secondary
22.521778106689453,29.830930709838867,Trail,254.414,Primary
22.654991149902344,30.00348663330078,Trail,254.581,Secondary
22.66156768798828,30.007802963256836,Trail,254.621,Primary
22.900419235229492,30.00270652770996,Trail,254.814,Secondary
22.470369338989258,30.061782836914062,Trail,254.847,Primary
22.73801040649414,29.873918533325195,Trail,255.037,Secondary
22.764699935913086,29.879907608032227,Trail,255.064,Primary
22.726398468017578,29.880407333374023,Trail,255.251,Secondary
22.74700927734375,29.88961410522461,Trail,255.294,Primary
22.75957489013672,29.689559936523438,Trail,255.462,Secondary
22.78008270263672,29.68674659729004,Trail,255.501,Primary
22.83900260925293,29.577213287353516,Trail,255.665,Secondary
22.875308990478516,29.580669403076172,Trail,255.694,Primary
22.889326095581055,29.50979232788086,Trail,255.865,Secondary
22.919849395751953,29.51540756225586,Trail,255.923,Primary
22.933277130126953,29.48680877685547,Trail,256.089,Secondary
22.94451332092285,29.489994049072266,Trail,256.143,Primary
22.975954055786133,29.335647583007812,Trail,256.298,Secondary
23.14134407043457,29.564006805419922,Trail,256.354,Primary
23.089632034301758,29.416706085205078,Trail,256.537,Secondary
23.108041763305664,29.422513961791992,Trail,256.561,Primary
23.07342529296875,29.567224502563477,Trail,256.743,Secondary
23.09873390197754,29.57345962524414,Trail,256.776,Primary
23.303680419921875,29.59487533569336,Trail,256.976,Secondary
23.313810348510742,29.606544494628906,Trail,256.984,Primary
23.2188663482666,29.755491256713867,Trail,257.171,Secondary
23.24236297607422,29.776918411254883,Trail,257.213,Primary
23.074321746826172,29.8261775970459,Trail,257.385,Secondary
23.081222534179688,29.85796546936035,Trail,257.411,Primary
22.800050735473633,29.876182556152344,Trail,257.597,Secondary
22.804771423339844,29.89536476135254,Trail,257.659,Primary
22.713891983032227,29.773332595825195,Trail,257.806,Secondary
22.751659393310547,29.581083297729492,Trail,257.859,Primary
22.562759399414062,29.610088348388672,Trail,258.031,Secondary
22.55609893798828,29.622844696044922,Trail,258.062,Primary
22.64459228515625,29.68217658996582,Trail,258.262,Secondary
22.63091468811035,29.70766258239746,Trail,258.287,Primary
22.77280044555664,29.640727996826172,Trail,258.479,Secondary
22.763418197631836,29.65534210205078,Trail,258.502,Primary
22.782390594482422,29.672412872314453,Trail,258.69,Secondary
22.7662353515625,29.686195373535156,Trail,258.713,Primary
22.750089645385742,29.719926834106445,Trail,258.899,Secondary
22.72467041015625,29.731990814208984,Trail,258.948,Primary
22.7548770904541,29.642152786254883,Trail,259.115,Secondary
22.72909927368164,29.64930534362793,Trail,259.148,Primary
22.63713264465332,29.611614227294922,Trail,259.285,Secondary
22.619182586669922,29.625019073486328,Trail,259.326,Primary
22.63872528076172,29.651918411254883,Trail,259.498,Secondary
22.61751937866211,29.6739444732666,Trail,259.539,Primary
22.673255920410156,29.717565536499023,Trail,259.708,Secondary
22.652587890625,29.735328674316406,Trail,259.752,Primary
22.595788955688477,29.80696678161621,Trail,259.943,Secondary
22.576536178588867,29.82989501953125,Trail,259.97,Primary
22.523935317993164,29.730632781982422,Trail,260.131,Secondary
22.511859893798828,29.75648307800293,Trail,260.173,Primary
22.56798553466797,29.933086395263672,Trail,260.364,Secondary
22.553720474243164,29.945716857910156,Trail,260.393,Primary
22.659812927246094,29.74677276611328,Trail,260.565,Secondary
22.64019775390625,30.036413192749023,Trail,260.599,Primary
22.549362182617188,29.831375122070312,Trail,260.776,Secondary
22.55706214904785,29.84315299987793,Trail,260.81,Primary
22.72471046447754,29.784704208374023,Trail,260.975,Secondary
22.717147827148438,29.798648834228516,Trail,261.004,Primary
22.95148468017578,29.59917640686035,Trail,261.184,Secondary
22.95676040649414,29.6103515625,Trail,261.225,Primary
22.892179489135742,29.31338882446289,Trail,261.346,Secondary
22.911623001098633,29.330236434936523,Trail,261.369,Primary
23.04167366027832,29.33028221130371,Trail,261.552,Secondary
22.66073226928711,29.305919647216797,Trail,261.584,Primary
22.818737030029297,29.422212600708008,Trail,261.748,Secondary
22.825408935546875,29.420623779296875,Trail,261.797,Primary
22.770923614501953,29.547775268554688,Trail,261.932,Secondary
22.786476135253906,29.55292510986328,Trail,261.985,Primary
22.8010311126709,29.665603637695312,Trail,262.135,Secondary
22.829477310180664,29.66204261779785,Trail,262.192,Primary
22.906185150146484,29.726844787597656,Trail,262.363,Secondary
22.93088722229004,29.731678009033203,Trail,262.41,Primary
22.864774703979492,29.832868576049805,Trail,262.574,Secondary
22.887081146240234,29.734403610229492,Trail,262.617,Primary
22.856000900268555,29.74371910095215,Trail,262.762,Secondary
22.867935180664062,29.735050201416016,Trail,262.794,Primary
22.870615005493164,29.64158821105957,Trail,262.978,Secondary
22.88606071472168,29.63570213317871,Trail,262.991,Primary
22.97811508178711,29.628829956054688,Trail,263.198,Secondary
22.98430824279785,29.617267608642578,Trail,263.23,Primary
22.910606384277344,29.58452796936035,Trail,263.427,Secondary
22.92082977294922,29.570226669311523,Trail,263.457,Primary
22.908782958984375,29.530698776245117,Trail,263.622,Secondary
22.909090042114258,29.530529022216797,Trail,263.669,Primary
22.927602767944336,29.589359283447266,Trail,263.864,Secondary
22.929401397705078,29.579635620117188,Trail,263.889,Primary
22.788488388061523,29.595598220825195,Trail,264.075,Secondary
22.91832160949707,29.574430465698242,Trail,264.105,Primary
22.903316497802734,29.485376358032227,Trail,264.292,Secondary
22.895402908325195,29.485605239868164,Trail,264.323,Primary
22.82305908203125,29.544918060302734,Trail,264.512,Secondary
22.822921752929688,29.527219772338867,Trail,264.533,Primary
22.805654525756836,29.479820251464844,Trail,264.716,Secondary
22.780956268310547,29.479225158691406,Trail,264.739,Primary
22.769458770751953,29.52528953552246,Trail,264.932,Secondary
22.745500564575195,29.51719093322754,Trail,264.968,Primary
22.753976821899414,29.70436668395996,Trail,265.146,Secondary
22.734189987182617,29.703264236450195,Trail,265.178,Primary
22.77993392944336,29.80002784729004,Trail,265.382,Secondary
22.76485824584961,29.808303833007812,Trail,265.414,Primary
22.70381736755371,29.629396438598633,Trail,265.587,Secondary
22.681381225585938,29.616405487060547,Trail,265.608,Primary
22.732412338256836,29.586545944213867,Trail,265.805,Secondary
22.71980094909668,29.581666946411133,Trail,265.823,Primary
22.714649200439453,29.675304412841797,Trail,265.978,Secondary
22.703853607177734,29.67963981628418,Trail,266.026,Primary
22.6727237701416,29.719036102294922,Trail,266.196,Secondary
22.663536071777344,29.7242374420166,Trail,266.24,Primary
22.57898712158203,29.665386199951172,Trail,266.417,Secondary
22.560522079467773,29.666259765625,Trail,266.44,Primary
22.52655029296875,29.68706512451172,Trail,266.61,Secondary
22.523569107055664,29.681215286254883,Trail,266.636,Primary
22.52001190185547,29.76603126525879,Trail,266.809,Secondary
22.49919891357422,29.552059173583984,Trail,266.86,Primary
22.637714385986328,29.641050338745117,Trail,267.026,Secondary
22.64141845703125,29.633058547973633,Trail,267.065,Primary
22.677080154418945,29.59160614013672,Trail,267.255,Secondary
22.66486167907715,29.574617385864258,Trail,267.289,Primary
22.82121467590332,29.678611755371094,Trail,267.477,Secondary
22.824527740478516,29.666759490966797,Trail,267.492,Primary
22.86457633972168,29.686981201171875,Trail,267.648,Secondary
22.878936767578125,29.689565658569336,Trail,267.685,Primary
22.837644577026367,29.870420455932617,Trail,267.839,Secondary
22.844972610473633,29.87401580810547,Trail,267.866,Primary
23.004892349243164,29.830549240112305,Trail,268.032,Secondary
23.004024505615234,29.827367782592773,Trail,268.063,Primary
22.976930618286133,29.91803550720215,Trail,268.249,Secondary
22.98493194580078,29.92040252685547,Trail,268.258,Primary
22.895435333251953,29.9676513671875,Trail,268.458,Secondary
22.900833129882812,29.96424102783203,Trail,268.482,Primary
22.816791534423828,29.948291778564453,Trail,268.663,Secondary
22.82526397705078,29.95456886291504,Trail,268.701,Primary
22.827423095703125,29.847007751464844,Trail,268.891,Secondary
22.853334426879883,29.842592239379883,Trail,268.952,Primary
22.706323623657227,29.85657501220703,Trail,269.144,Secondary
22.726530075073242,29.855440139770508,Trail,269.203,Primary
22.8237247467041,29.866647720336914,Trail,269.34,Secondary
22.844785690307617,29.878501892089844,Trail,269.357,Primary
22.813602447509766,29.778169631958008,Trail,269.511,Secondary
22.81985092163086,29.787134170532227,Trail,269.562,Primary
22.770769119262695,29.80072784423828,Trail,269.742,Secondary
22.77679443359375,29.80860710144043,Trail,269.767,Primary
22.817628860473633,29.804832458496094,Trail,269.955,Secondary
22.830482482910156,29.81349754333496,Trail,269.994,Primary
22.81780433654785,29.73031997680664,Trail,270.146,Secondary
22.819211959838867,29.745559692382812,Trail,270.174,Primary
22.785642623901367,29.839252471923828,Trail,270.362,Secondary
22.7818546295166,29.844816207885742,Trail,270.379,Primary
22.738866806030273,29.76933479309082,Trail,270.564,Secondary
22.751911163330078,29.738405227661133,Trail,270.61,Primary
22.765722274780273,29.755414962768555,Trail,270.768,Secondary
22.761743545532227,29.777368545532227,Trail,270.807,Primary
22.606359481811523,29.737396240234375,Trail,270.947,Secondary
22.597299575805664,29.751426696777344,Trail,270.983,Primary
22.457637786865234,29.734647750854492,Trail,271.18,Secondary
22.449769973754883,29.75484848022461,Trail,271.221,Primary
22.439252853393555,29.775835037231445,Trail,271.391,Secondary
22.44063949584961,29.792802810668945,Trail,271.436,Primary
22.358823776245117,29.908845901489258,Trail,271.608,Secondary
22.35116958618164,29.932476043701172,Trail,271.667,Primary
22.206321716308594,29.823970794677734,Trail,271.834,Secondary
22.36199188232422,29.989883422851562,Trail,271.875,Primary
22.383121490478516,29.889976501464844,Trail,272.045,Secondary
22.576871871948242,30.115238189697266,Trail,272.087,Primary
22.552303314208984,29.973520278930664,Trail,272.239,Secondary
22.555557250976562,29.995885848999023,Trail,272.282,Primary
22.645925521850586,29.90289878845215,Trail,272.449,Secondary
22.650209426879883,29.91522789001465,Trail,272.49,Primary
22.743051528930664,29.903308868408203,Trail,272.659,Secondary
22.745269775390625,29.913972854614258,Trail,272.689,Primary
22.68486976623535,29.783498764038086,Trail,272.867,Secondary
22.69078254699707,29.796382904052734,Trail,272.908,Primary
22.811893463134766,29.7221736907959,Trail,273.081,Secondary
22.833328247070312,29.780139923095703,Trail,273.114,Primary
22.79607582092285,29.816606521606445,Trail,273.304,Secondary
22.807254791259766,29.805662155151367,Trail,273.324,Primary
22.75807762145996,29.77363395690918,Trail,273.527,Secondary
22.772716522216797,29.77008819580078,Trail,273.565,Primary
22.808164596557617,29.78766441345215,Trail,273.735,Secondary
22.815349578857422,29.794185638427734,Trail,273.78,Primary
22.768007278442383,29.75630760192871,Trail,273.941,Secondary
22.77724266052246,29.743473052978516,Trail,273.985,Primary
22.75481605529785,29.734012603759766,Trail,274.173,Secondary
22.759044647216797,29.71822166442871,Trail,274.211,Primary
22.784454345703125,29.70182991027832,Trail,274.363,Secondary
22.80160903930664,29.70245361328125,Trail,274.4,Primary
22.779281616210938,29.670486450195312,Trail,274.581,Secondary
22.753150939941406,29.724485397338867,Trail,274.616,Primary
22.776750564575195,29.684988021850586,Trail,274.808,Secondary
22.79513931274414,29.68347930908203,Trail,274.829,Primary
22.794330596923828,29.58538818359375,Trail,274.995,Secondary
22.816234588623047,29.57185173034668,Trail,275.046,Primary
22.77186393737793,29.411937713623047,Trail,275.225,Secondary
22.790985107421875,29.400253295898438,Trail,275.269,Primary
22.999269485473633,29.348716735839844,Trail,275.449,Secondary
23.012723922729492,29.34087371826172,Trail,275.48,Primary
23.106021881103516,29.436567306518555,Trail,275.648,Secondary
23.126237869262695,29.447389602661133,Trail,275.684,Primary
23.087495803833008,29.537654876708984,Trail,275.854,Secondary
23.109987258911133,29.539234161376953,Trail,275.89,Primary
22.9243106842041,29.76966094970703,Trail,276.1,Secondary
22.93094825744629,29.768564224243164,Trail,276.105,Primary
22.697765350341797,29.730173110961914,Trail,276.284,Secondary
22.69156265258789,29.73308753967285,Trail,276.306,Primary
22.381784439086914,29.690963745117188,Trail,276.472,Secondary
22.376964569091797,29.708999633789062,Trail,276.518,Primary
22.354900360107422,29.601491928100586,Trail,276.703,Secondary
22.34370994567871,29.606372833251953,Trail,276.714,Primary
22.410762786865234,29.313203811645508,Trail,276.905,Secondary
22.40041732788086,29.332923889160156,Trail,276.937,Primary
22.26833152770996,29.55833625793457,Trail,277.079,Secondary
22.480850219726562,29.301660537719727,Trail,277.098,Primary
22.473806381225586,29.473207473754883,Trail,277.256,Secondary
22.455902099609375,29.4864444732666,Trail,277.282,Primary
22.608257293701172,29.438491821289062,Trail,277.489,Secondary
22.58967399597168,29.45305633544922,Trail,277.51,Primary
22.701061248779297,29.37757682800293,Trail,277.675,Secondary
22.69070053100586,29.37530517578125,Trail,277.719,Primary
22.62248420715332,29.52191925048828,Trail,277.892,Secondary
22.60279083251953,29.523012161254883,Trail,277.939,Primary
22.70426368713379,29.608537673950195,Trail,278.098,Secondary
22.672658920288086,29.60607147216797,Trail,278.142,Primary
22.704118728637695,29.70464515686035,Trail,278.294,Secondary
22.693572998046875,29.70945930480957,Trail,278.326,Primary
22.568361282348633,29.768627166748047,Trail,278.518,Secondary
22.54540252685547,29.7750186920166,Trail,278.55,Primary
22.569997787475586,29.685022354125977,Trail,278.711,Secondary
22.558807373046875,29.682863235473633,Trail,278.746,Primary
22.54062271118164,29.603605270385742,Trail,278.915,Secondary
22.52236557006836,29.605728149414062,Trail,278.938,Primary
22.4033145904541,29.660301208496094,Trail,279.131,Secondary
22.397682189941406,29.657350540161133,Trail,279.147,Primary
22.371837615966797,29.76332664489746,Trail,279.336,Secondary
22.4111270904541,29.583763122558594,Trail,279.373,Primary
22.61489486694336,29.631855010986328,Trail,279.542,Secondary
22.617225646972656,29.616947174072266,Trail,279.58,Primary
22.556644439697266,29.605981826782227,Trail,279.755,Secondary
22.550464630126953,29.601654052734375,Trail,279.806,Primary
22.752840042114258,29.666458129882812,Trail,279.935,Secondary
22.764474868774414,29.67154312133789,Trail,279.994,Primary
22.889163970947266,29.810365676879883,Trail,280.146,Secondary
22.887102127075195,29.813819885253906,Trail,280.18,Primary
22.887874603271484,29.85152816772461,Trail,280.356,Secondary
22.9027156829834,29.844257354736328,Trail,280.379,Primary
22.941490173339844,29.817718505859375,Trail,280.536,Secondary
22.95471954345703,29.804529190063477,Trail,280.551,Primary
23.001482009887695,29.90363883972168,Trail,280.737,Secondary
23.015289306640625,29.90762710571289,Trail,280.761,Primary
22.985498428344727,29.891162872314453,Trail,280.94,Secondary
22.99501609802246,29.8930721282959,Trail,280.969,Primary
22.94706153869629,29.864225387573242,Trail,281.161,Secondary
22.967792510986328,29.871326446533203,Trail,281.191,Primary
22.860448837280273,30.022541046142578,Trail,281.376,Secondary
22.859695434570312,30.028718948364258,Trail,281.412,Primary
22.859664916992188,29.975141525268555,Trail,281.582,Secondary
22.651031494140625,29.998062133789062,Trail,281.614,Primary
22.749576568603516,29.948585510253906,Trail,281.803,Secondary
22.762500762939453,29.94923210144043,Trail,281.832,Primary
22.723487854003906,29.837947845458984,Trail,282.005,Secondary
22.733888626098633,29.84377098083496,Trail,282.059,Primary
22.655229568481445,29.7301025390625,Trail,282.243,Secondary
22.664113998413086,29.74469566345215,Trail,282.285,Primary
22.74985694885254,29.770536422729492,Trail,282.448,Secondary
22.768081665039062,29.77090835571289,Trail,282.486,Primary
22.597700119018555,29.705413818359375,Trail,282.633,Secondary
22.606632232666016,29.711912155151367,Trail,282.66,Primary
22.625598907470703,29.789928436279297,Trail,282.833,Secondary
22.591182708740234,29.83655548095703,Trail,282.865,Primary
22.54159927368164,29.799894332885742,Trail,283.056,Secondary
22.539888381958008,29.817604064941406,Trail,283.09,Primary
22.4240665435791,29.76606559753418,Trail,283.26,Secondary
22.414608001708984,29.781953811645508,Trail,283.302,Primary
22.3112735748291,29.78272247314453,Trail,283.468,Secondary
22.292016983032227,29.799283981323242,Trail,283.501,Primary
22.10851287841797,29.95090675354004,Trail,283.686,Secondary
22.092947006225586,29.975975036621094,Trail,283.726,Primary
22.07720184326172,30.05620574951172,Trail,283.907,Secondary
22.072696685791016,30.066482543945312,Trail,283.941,Primary
22.23589324951172,30.2740535736084,Trail,284.115,Secondary
22.228214263916016,30.301448822021484,Trail,284.16,Primary
22.128921508789062,30.134632110595703,Trail,284.325,Secondary
22.371728897094727,30.282503128051758,Trail,284.355,Primary
22.39264678955078,30.120071411132812,Trail,284.536,Secondary
22.390047073364258,30.139421463012695,Trail,284.567,Primary
22.637277603149414,30.104639053344727,Trail,284.726,Secondary
22.634105682373047,30.104822158813477,Trail,284.752,Primary
22.616899490356445,29.98869514465332,Trail,284.918,Secondary
22.60225486755371,29.992338180541992,Trail,284.959,Primary
22.70505714416504,29.935583114624023,Trail,285.129,Secondary
22.715078353881836,29.94400405883789,Trail,285.17,Primary
22.519466400146484,29.90013313293457,Trail,285.36,Secondary
22.522615432739258,29.89370346069336,Trail,285.381,Primary
22.70827865600586,29.74555206298828,Trail,285.54,Secondary
22.721088409423828,29.755659103393555,Trail,285.584,Primary
22.706693649291992,29.75336265563965,Trail,285.751,Secondary
22.71162986755371,29.757139205932617,Trail,285.798,Primary
22.67020606994629,29.8016300201416,Trail,285.966,Secondary
22.673297882080078,29.80687713623047,Trail,286.005,Primary
22.733957290649414,29.927370071411133,Trail,286.158,Secondary
22.750049591064453,29.924997329711914,Trail,286.203,Primary
22.774717330932617,29.976482391357422,Trail,286.383,Secondary
22.79453468322754,29.970996856689453,Trail,286.417,Primary
22.680009841918945,29.89964485168457,Trail,286.598,Secondary
22.699758529663086,29.905134201049805,Trail,286.649,Primary
22.754623413085938,29.788536071777344,Trail,286.817,Secondary
22.80703353881836,29.749347686767578,Trail,286.866,Primary
22.746976852416992,29.701595306396484,Trail,287.059,Secondary
22.74875831604004,29.769847869873047,Trail,287.102,Primary
22.708995819091797,29.697717666625977,Trail,287.3,Secondary
22.744123458862305,29.693349838256836,Trail,287.331,Primary
22.833467483520508,29.618314743041992,Trail,287.487,Secondary
22.860153198242188,29.611833572387695,Trail,287.527,Primary
22.951194763183594,29.467321395874023,Trail,287.669,Secondary
22.964141845703125,29.48459243774414,Trail,287.715,Primary
23.165903091430664,29.447879791259766,Trail,287.903,Secondary
23.171960830688477,29.445112228393555,Trail,287.932,Primary
23.122802734375,29.676658630371094,Trail,288.133,Secondary
23.128711700439453,29.67777442932129,Trail,288.145,Primary
22.89189910888672,29.602731704711914,Trail,288.313,Secondary
22.879501342773438,29.71993064880371,Trail,288.355,Primary
22.650678634643555,29.744436264038086,Trail,288.526,Secondary
22.645530700683594,29.746631622314453,Trail,288.56,Primary
22.371973037719727,29.752796173095703,Trail,288.728,Secondary
22.36161994934082,29.746219635009766,Trail,288.768,Primary
22.186506271362305,29.41769790649414,Trail,288.924,Secondary
22.180145263671875,29.398189544677734,Trail,288.957,Primary
22.320810317993164,29.275554656982422,Trail,289.113,Secondary
22.31125831604004,29.27558135986328,Trail,289.16,Primary
22.28548240661621,29.516450881958008,Trail,289.332,Secondary
22.544071197509766,29.19847869873047,Trail,289.361,Primary
22.407712936401367,29.40178680419922,Trail,289.514,Secondary
22.388002395629883,29.402650833129883,Trail,289.55,Primary
22.47645378112793,29.2840633392334,Trail,289.736,Secondary
22.44874382019043,29.273935317993164,Trail,289.78,Primary
22.650917053222656,29.48731231689453,Trail,289.959,Secondary
22.625219345092773,29.483503341674805,Trail,290.005,Primary
22.704471588134766,29.47999382019043,Trail,290.201,Secondary
22.674530029296875,29.48027801513672,Trail,290.235,Primary
22.605804443359375,29.477291107177734,Trail,290.422,Secondary
22.564783096313477,29.475313186645508,Trail,290.45,Primary
22.58307647705078,29.695770263671875,Trail,290.634,Secondary
22.548295974731445,29.684968948364258,Trail,290.662,Primary
22.598247528076172,29.88165855407715,Trail,290.839,Secondary
22.254552841186523,29.60114288330078,Trail,290.877,Primary
22.42735481262207,29.893020629882812,Trail,291.073,Secondary
22.397090911865234,29.88630485534668,Trail,291.095,Primary
22.265310287475586,29.841794967651367,Trail,291.265,Secondary
22.25674057006836,29.8332462310791,Trail,291.318,Primary
22.46125030517578,29.64124298095703,Trail,291.482,Secondary
22.457609176635742,29.6342716217041,Trail,291.513,Primary
22.361854553222656,29.61788558959961,Trail,291.683,Secondary
22.354036331176758,29.619089126586914,Trail,291.726,Primary
22.518905639648438,29.588960647583008,Trail,291.917,Secondary
22.51681137084961,29.590816497802734,Trail,291.954,Primary
22.747190475463867,29.686141967773438,Trail,292.122,Secondary
22.755733489990234,29.6766414642334,Trail,292.166,Primary
22.938705444335938,29.744491577148438,Trail,292.333,Secondary
22.78360939025879,29.946069717407227,Trail,292.358,Primary
22.982547760009766,29.901885986328125,Trail,292.532,Secondary
22.994840621948242,29.90350914001465,Trail,292.568,Primary
23.03617286682129,30.06804847717285,Trail,292.761,Secondary
23.048603057861328,30.075363159179688,Trail,292.786,Primary
22.951862335205078,30.101102828979492,Trail,292.976,Secondary
22.97170066833496,30.098867416381836,Trail,292.991,Primary
22.765056610107422,30.07439613342285,Trail,293.146,Secondary
22.78968620300293,30.07918357849121,Trail,293.206,Primary
22.747364044189453,30.021419525146484,Trail,293.378,Secondary
22.772226333618164,30.039146423339844,Trail,293.399,Primary
22.75159454345703,29.88062858581543,Trail,293.595,Secondary
22.66280746459961,29.926729202270508,Trail,293.613,Primary
22.681373596191406,29.870954513549805,Trail,293.767,Secondary
22.704822540283203,29.892902374267578,Trail,293.784,Primary
22.71272850036621,29.865774154663086,Trail,293.961,Secondary
22.725791931152344,29.88180923461914,Trail,294.036,Primary
22.621559143066406,29.801937103271484,Trail,294.188,Secondary
22.638694763183594,29.810897827148438,Trail,294.217,Primary
22.700889587402344,29.895715713500977,Trail,294.378,Secondary
22.71505355834961,29.913610458374023,Trail,294.413,Primary
22.72373390197754,29.776445388793945,Trail,294.598,Secondary
22.731185913085938,29.79894256591797,Trail,294.624,Primary
22.764724731445312,29.716224670410156,Trail,294.797,Secondary
22.759540557861328,29.73139762878418,Trail,294.838,Primary
22.567771911621094,29.761005401611328,Trail,294.999,Secondary
22.56011962890625,29.77618408203125,Trail,295.026,Primary
22.493078231811523,29.696094512939453,Trail,295.186,Secondary
22.489456176757812,29.714313507080078,Trail,295.225,Primary
22.35457992553711,29.76363754272461,Trail,295.434,Secondary
22.352317810058594,29.78386688232422,Trail,295.447,Primary
22.222843170166016,29.827411651611328,Trail,295.662,Secondary
22.22614288330078,29.846525192260742,Trail,295.669,Primary
22.147472381591797,29.80660057067871,Trail,295.85,Secondary
22.231201171875,29.959857940673828,Trail,295.862,Primary
22.21501350402832,29.874286651611328,Trail,296.028,Secondary
22.210315704345703,29.898839950561523,Trail,296.072,Primary
22.10590934753418,30.09618377685547,Trail,296.25,Secondary
22.09623908996582,30.106904983520508,Trail,296.266,Primary
22.126306533813477,30.21329689025879,Trail,296.45,Secondary
22.108226776123047,30.212940216064453,Trail,296.482,Primary
22.50298500061035,30.234149932861328,Trail,296.659,Secondary
22.515043258666992,30.23918914794922,Trail,296.711,Primary
22.591156005859375,30.0382080078125,Trail,296.924,Secondary
22.594799041748047,30.040021896362305,Trail,296.934,Primary
22.70370864868164,29.902700424194336,Trail,297.115,Secondary
22.715560913085938,29.905715942382812,Trail,297.151,Primary
22.745664596557617,29.809249877929688,Trail,297.351,Secondary
22.46725845336914,29.79266929626465,Trail,297.376,Primary
22.686166763305664,29.715309143066406,Trail,297.537,Secondary
22.70257568359375,29.71556282043457,Trail,297.579,Primary
22.766948699951172,29.93490219116211,Trail,297.748,Secondary
22.77643394470215,29.931800842285156,Trail,297.789,Primary
22.804710388183594,29.983020782470703,Trail,297.962,Secondary
22.811464309692383,29.97243881225586,Trail,297.996,Primary
22.82008934020996,29.946121215820312,Trail,298.182,Secondary
22.83465003967285,29.95140266418457,Trail,298.235,Primary
22.80112648010254,29.9209041595459,Trail,298.39,Secondary
22.809833526611328,29.919837951660156,Trail,298.42,Primary
22.726085662841797,29.936553955078125,Trail,298.616,Secondary
22.74358367919922,29.934938430786133,Trail,298.653,Primary
22.812259674072266,29.847869873046875,Trail,298.822,Secondary
22.797712326049805,29.819305419921875,Trail,298.867,Primary
22.772682189941406,29.7642765045166,Trail,299.038,Secondary
22.786163330078125,29.75510025024414,Trail,299.101,Primary
22.71592903137207,29.78207778930664,Trail,299.265,Secondary
22.736486434936523,29.77117347717285,Trail,299.315,Primary
22.812877655029297,29.71141242980957,Trail,299.488,Secondary
22.82233428955078,29.713672637939453,Trail,299.531,Primary
22.831405639648438,29.568470001220703,Trail,299.7,Secondary
22.838470458984375,29.581043243408203,Trail,299.741,Primary
23.032020568847656,29.58211898803711,Trail,299.899,Secondary
23.05629539489746,29.59441566467285,Trail,299.943,Primary
23.166702270507812,29.750049591064453,Trail,300.104,Secondary
23.181108474731445,29.767194747924805,Trail,300.137,Primary
23.00691032409668,29.73652458190918,Trail,300.351,Secondary
23.02049446105957,29.73639488220215,Trail,300.361,Primary
22.795602798461914,29.697277069091797,Trail,300.547,Secondary
22.787267684936523,29.688241958618164,Trail,300.582,Primary
22.439510345458984,29.743701934814453,Trail,300.773,Secondary
22.445934295654297,29.75016975402832,Trail,300.803,Primary
22.09151268005371,29.529521942138672,Trail,300.998,Secondary
22.091230392456055,29.536592483520508,Trail,301.01,Primary
22.25288200378418,29.35347557067871,Trail,301.186,Secondary
22.244140625,29.363239288330078,Trail,301.244,Primary
22.47515106201172,29.289966583251953,Trail,301.377,Secondary
22.47048568725586,29.293275833129883,Trail,301.426,Primary
22.32120132446289,29.455711364746094,Trail,301.559,Secondary
22.429683685302734,29.166362762451172,Trail,301.607,Primary
22.342266082763672,29.208662033081055,Trail,301.789,Secondary
22.31754493713379,29.226425170898438,Trail,301.818,Primary
22.591838836669922,29.35984230041504,Trail,301.991,Secondary
22.577577590942383,29.355321884155273,Trail,302.031,Primary
22.731395721435547,29.35772132873535,Trail,302.211,Secondary
22.69420623779297,29.359586715698242,Trail,302.239,Primary
22.645912170410156,29.39613151550293,Trail,302.428,Secondary
22.614002227783203,29.39837646484375,Trail,302.473,Primary
22.65366554260254,29.58009147644043,Trail,302.635,Secondary
22.645219802856445,29.563697814941406,Trail,302.676,Primary
22.67057991027832,29.75566291809082,Trail,302.832,Secondary
22.37403678894043,29.532262802124023,Trail,302.878,Primary
22.514652252197266,29.832252502441406,Trail,303.052,Secondary
22.49549102783203,29.82316780090332,Trail,303.089,Primary
22.477767944335938,29.71195411682129,Trail,303.27,Secondary
22.461498260498047,29.70075225830078,Trail,303.301,Primary
22.512727737426758,29.619976043701172,Trail,303.453,Secondary
22.503671646118164,29.61813735961914,Trail,303.486,Primary
22.382366180419922,29.648426055908203,Trail,303.639,Secondary
22.381025314331055,29.6472110748291,Trail,303.679,Primary
22.41176986694336,29.69072723388672,Trail,303.848,Secondary
22.482494354248047,29.4613037109375,Trail,303.888,Primary
22.701051712036133,29.61197853088379,Trail,304.081,Secondary
22.698278427124023,29.53672218322754,Trail,304.12,Primary
22.83930206298828,29.697277069091797,Trail,304.275,Secondary
22.844053268432617,29.687908172607422,Trail,304.309,Primary
23.01599884033203,29.84776496887207,Trail,304.463,Secondary
23.02935218811035,29.830610275268555,Trail,304.499,Primary
23.170631408691406,29.985034942626953,Trail,304.679,Secondary
23.178749084472656,29.975181579589844,Trail,304.719,Primary
23.154876708984375,30.038698196411133,Trail,304.869,Secondary
23.156024932861328,30.050521850585938,Trail,304.91,Primary
23.152179718017578,29.967084884643555,Trail,305.085,Secondary
23.03689193725586,30.08896827697754,Trail,305.129,Primary
23.087886810302734,30.06963539123535,Trail,305.299,Secondary
23.091373443603516,30.07358169555664,Trail,305.318,Primary
22.927593231201172,30.069698333740234,Trail,305.526,Secondary
22.94304656982422,30.073856353759766,Trail,305.561,Primary
22.765350341796875,30.036460876464844,Trail,305.745,Secondary
22.78775405883789,30.059335708618164,Trail,305.772,Primary
22.68256950378418,30.192485809326172,Trail,305.952,Secondary
22.68914031982422,30.205875396728516,Trail,305.984,Primary
22.56355094909668,30.05300521850586,Trail,306.127,Secondary
22.576492309570312,30.06294059753418,Trail,306.183,Primary
22.640060424804688,29.98636245727539,Trail,306.35,Secondary
22.693256378173828,29.989879608154297,Trail,306.399,Primary
22.669382095336914,29.821369171142578,Trail,306.592,Secondary
22.696643829345703,29.81180763244629,Trail,306.63,Primary
22.733190536499023,29.71428108215332,Trail,306.818,Secondary
22.752328872680664,29.72287368774414,Trail,306.841,Primary
22.675138473510742,29.806089401245117,Trail,307.026,Secondary
22.67323112487793,29.811357498168945,Trail,307.058,Primary
22.43450355529785,29.78605079650879,Trail,307.233,Secondary
22.43064308166504,29.812849044799805,Trail,307.29,Primary
22.283279418945312,29.806854248046875,Trail,307.495,Secondary
22.27907371520996,29.80337905883789,Trail,307.551,Primary
22.117069244384766,29.85690689086914,Trail,307.736,Secondary
22.112966537475586,29.881362915039062,Trail,307.774,Primary
22.134464263916016,29.97456169128418,Trail,307.98,Secondary
22.12851905822754,29.983800888061523,Trail,308.004,Primary
22.080406188964844,30.2337703704834,Trail,308.213,Secondary
22.075408935546875,30.244617462158203,Trail,308.248,Primary
22.07235336303711,30.325328826904297,Trail,308.416,Secondary
22.051843643188477,30.34666633605957,Trail,308.454,Primary
22.46268653869629,30.33139419555664,Trail,308.638,Secondary
22.458171844482422,30.35862922668457,Trail,308.683,Primary
22.65386199951172,30.162233352661133,Trail,308.856,Secondary
22.652141571044922,30.172025680541992,Trail,308.885,Primary
22.655506134033203,29.9791316986084,Trail,309.109,Primary
22.658329010009766,29.97494888305664,Trail,309.11,Secondary
22.7304630279541,29.84467124938965,Trail,309.275,Secondary
22.736948013305664,29.84137725830078,Trail,309.323,Primary
22.593027114868164,29.752368927001953,Trail,309.49,Secondary
22.59322166442871,29.757083892822266,Trail,309.555,Primary
